,history_gan_loss,history_critic_neg_loss,history_critic_pos_loss
0,-1.4796116352081299,-0.9685051441192627,0.2747612655162811
1,-1.472963571548462,-1.8056348323822022,1.9653857946395874
2,-1.5106885433197021,-1.8834383964538575,2.036225700378418
3,-1.7722305059432983,-1.9403457164764404,1.9983094215393067
4,-0.8995674252510071,-2.093330144882202,2.104543352127075
5,-0.5670143961906433,-2.0812589645385744,1.9418708324432372
6,-1.0872688293457031,-2.4011518001556396,1.4556520819664
7,-0.07547015696763992,-2.687462329864502,1.9467975854873658
8,0.3182004392147064,-2.9812198638916017,1.5040620364248753
9,0.12311197817325592,-3.2036592960357666,0.49882631599903104
10,0.180746391415596,-4.063907289505005,-0.583310604095459
11,0.02241073176264763,-4.590185737609863,0.5278092861175537
12,-0.1782584935426712,-5.198299503326416,0.2842800170183182
13,-0.24848374724388123,-6.42233943939209,-0.5480235040187835
14,-0.31357574462890625,-6.809317493438721,0.693553538620472
15,-0.5224407315254211,-7.95721664428711,0.18465543538331985
16,-0.5756344795227051,-8.905470275878907,0.11378376707434654
17,-0.7322672605514526,-9.520850563049317,1.200118786096573
18,-0.7256072759628296,-10.943096923828126,0.855568939447403
19,-0.8704965710639954,-12.228192329406738,0.6964074909687042
20,-0.9375076293945312,-13.541341400146484,0.7562332510948181
21,-0.9989141225814819,-14.235039901733398,1.03777072429657
22,-1.0734920501708984,-15.938465881347657,1.2413880109786988
23,-1.0868662595748901,-16.99432830810547,0.955066442489624
24,-1.1503541469573975,-18.87186393737793,1.492266631126404
25,-1.1909345388412476,-19.52416534423828,1.2020958185195922
26,-1.2495641708374023,-20.979748916625976,1.7105551958084106
27,-1.3229420185089111,-22.71082649230957,1.5552297592163087
28,-1.4109145402908325,-23.719079971313477,1.9349047422409058
29,-1.382441520690918,-24.74044303894043,2.114686632156372
30,-1.4487324953079224,-26.880725860595703,2.2551119565963744
31,-1.4912786483764648,-28.711549758911133,1.9975383520126342
32,-1.6470979452133179,-28.455311965942382,2.1147169351577757
33,-1.6748363971710205,-30.16491241455078,2.2620150327682493
34,-2.7611923217773438,-31.047663497924805,3.6927228450775145
35,-2.145167589187622,-32.75317611694336,5.046458625793457
36,-2.8141539096832275,-34.70413360595703,3.977978992462158
37,-2.563843250274658,-35.94749908447265,3.710101318359375
38,-3.200120210647583,-36.778602600097656,3.9320472717285155
39,-3.0221543312072754,-41.17271499633789,3.5586727142333983
40,-2.275226593017578,-40.854985046386716,3.414196825027466
41,-2.2571706771850586,-40.57064208984375,3.074397611618042
42,-2.8053138256073,-41.40763397216797,4.375096225738526
43,-2.459243059158325,-45.791954040527344,4.607381153106689
44,-2.6009907722473145,-50.98507537841797,3.605199193954468
45,-2.894606351852417,-48.24100189208984,3.8861164093017577
46,-2.8506290912628174,-50.28276672363281,5.343702220916748
47,-2.9548449516296387,-51.80657730102539,4.662532472610474
48,-2.8584542274475098,-53.43920669555664,3.6950315475463866
49,-2.9992949962615967,-57.397980499267575,5.965644264221192
50,-2.999601364135742,-60.17902374267578,4.081261491775512
51,-3.1806089878082275,-59.2185920715332,4.754531764984131
52,-4.10366678237915,-60.37452392578125,5.716223907470703
53,-3.34063720703125,-61.97148818969727,5.95094051361084
54,-3.926738739013672,-63.617699432373044,6.5854236602783205
55,-3.8582663536071777,-66.80066833496093,6.051733064651489
56,-3.8021092414855957,-65.30706329345703,4.974557018280029
57,-3.786165714263916,-68.27878646850586,4.454426097869873
58,-4.240867614746094,-71.34936218261718,5.742248630523681
59,-3.933177947998047,-78.27024993896484,6.126876544952393
60,-3.933351993560791,-80.96880950927735,5.352850437164307
61,-4.393780708312988,-80.66017150878906,5.425217151641846
62,-4.152493476867676,-85.50170135498047,4.789048957824707
63,-4.122395992279053,-90.02059783935547,4.715160655975342
64,-4.545222282409668,-82.93960418701172,4.517203235626221
65,-4.217776298522949,-80.01299438476562,6.1702649116516115
66,-4.069798469543457,-86.69809417724609,6.903199958801269
67,-4.244120121002197,-92.54586334228516,7.255182933807373
68,-4.330379009246826,-97.7505126953125,5.392813396453858
69,-4.403374671936035,-99.26986236572266,5.632053279876709
70,-4.990610599517822,-99.89108276367188,5.289038848876953
71,-4.551417827606201,-98.11029357910157,7.473286533355713
72,-4.657379150390625,-101.17512512207031,6.678079986572266
73,-4.911061763763428,-102.55421905517578,10.253463459014892
74,-4.846826553344727,-106.61242980957032,10.644555282592773
75,-5.409095287322998,-105.46605987548828,7.104172706604004
76,-5.1726531982421875,-113.61439361572266,7.386795234680176
77,-5.568877220153809,-114.32575378417968,7.265207195281983
78,-5.290072917938232,-110.67523651123047,10.638778114318848
79,-5.264763832092285,-118.03888397216797,6.910244560241699
80,-5.378255367279053,-120.45781707763672,6.973402881622315
81,-5.378849029541016,-120.82606353759766,7.021478652954102
82,-5.424265384674072,-117.92031707763672,6.87395715713501
83,-6.274659633636475,-127.5350845336914,7.827963829040527
84,-6.3592209815979,-137.9741668701172,6.965111541748047
85,-5.773514747619629,-130.269775390625,7.08817491531372
86,-5.353278160095215,-136.53995513916016,6.563071441650391
87,-7.726134300231934,-132.2604507446289,7.3391642570495605
88,-5.987495422363281,-141.316455078125,22.64043769836426
89,-7.283941745758057,-138.32525329589845,9.58069133758545
90,-10.846916198730469,-140.84005126953124,9.61779727935791
91,-12.151182174682617,-140.0284393310547,6.6699058532714846
92,-9.314455032348633,-146.95115966796874,8.402034091949464
93,-6.137536525726318,-156.07943115234374,12.021939086914063
94,-10.139884948730469,-157.14894409179686,8.73881368637085
95,-7.551657199859619,-146.05357666015624,10.840084838867188
96,-7.374852657318115,-170.77662048339843,10.22457151412964
97,-5.985014915466309,-157.71107177734376,7.837195014953613
98,-5.833072662353516,-172.8152069091797,7.033813762664795
99,-6.6166229248046875,-166.550927734375,9.960139274597168
100,-8.011996269226074,-182.8054962158203,9.061226177215577
101,-7.829896450042725,-165.4547088623047,11.692903137207031
102,-9.58369255065918,-168.3825897216797,24.084090805053712
103,-14.912010192871094,-176.01474304199218,11.776267814636231
104,-12.031099319458008,-182.68607482910156,8.947346305847168
105,-7.538712978363037,-181.41561584472657,17.04843635559082
106,-6.852555751800537,-191.61304931640626,11.327603435516357
107,-7.247618198394775,-195.0851257324219,12.822552299499511
108,-7.090153694152832,-192.1361877441406,10.331207466125488
109,-7.365340232849121,-200.57774658203124,11.899954032897949
110,-10.40906810760498,-198.91433410644532,10.306752586364746
111,-13.846902847290039,-196.03070068359375,19.11822166442871
112,-9.368101119995117,-191.00338134765624,23.056934356689453
113,-8.476716995239258,-203.35846557617188,34.457387161254886
114,-9.422660827636719,-203.5545867919922,13.193874549865722
115,-10.844508171081543,-194.9256164550781,19.77674217224121
116,-9.663812637329102,-207.207177734375,27.910734558105467
117,-9.03203010559082,-207.9391082763672,11.884590530395508
118,-8.896127700805664,-209.96912536621093,14.371554183959962
119,-9.698307991027832,-222.27159423828124,18.909918212890624
120,-10.926816940307617,-217.5038635253906,14.19270305633545
121,-18.668468475341797,-225.344091796875,11.237736129760743
122,-10.701143264770508,-225.16040649414063,13.504337692260743
123,-9.148551940917969,-222.2103698730469,16.490671730041505
124,-11.386727333068848,-222.01180114746094,18.563694381713866
125,-13.36500358581543,-235.68534240722656,11.561260795593261
126,-24.346790313720703,-245.3083282470703,12.316071701049804
127,-9.152040481567383,-249.87628479003905,13.500939750671387
128,-9.542776107788086,-251.79275512695312,18.466948127746583
129,-14.204462051391602,-258.2500427246094,13.97744369506836
130,-10.041789054870605,-263.2865905761719,20.901947212219238
131,-9.920778274536133,-253.0474395751953,22.67176971435547
132,-10.170777320861816,-254.5348114013672,15.676775550842285
133,-19.516098022460938,-264.65793762207034,11.047809028625489
134,-10.402308464050293,-270.6620178222656,27.750873374938966
135,-9.94057846069336,-268.5192932128906,16.84622287750244
136,-11.188397407531738,-271.13697509765626,12.83677806854248
137,-10.321500778198242,-271.68711547851564,29.2195987701416
138,-10.270439147949219,-286.68018798828126,20.02907238006592
139,-11.240049362182617,-275.32432861328124,26.807047843933105
140,-10.805380821228027,-285.61927795410156,14.575762176513672
141,-17.01287269592285,-288.9910949707031,15.085382461547852
142,-10.339618682861328,-281.3709411621094,21.088268280029297
143,-10.624707221984863,-302.24033813476564,21.57546501159668
144,-10.756040573120117,-313.05177612304686,25.83585090637207
145,-10.577865600585938,-324.0587463378906,13.40379981994629
146,-10.348063468933105,-296.912939453125,13.304075622558594
147,-11.82475471496582,-299.08904418945315,48.4790657043457
148,-10.802105903625488,-332.60410766601564,20.00061950683594
149,-16.819263458251953,-292.15110473632814,32.75557975769043
150,-10.591497421264648,-324.4886535644531,16.56536979675293
151,-10.999330520629883,-308.0110656738281,29.225723266601562
152,-13.144159317016602,-328.9128723144531,33.12911815643311
153,-14.195642471313477,-331.48870849609375,34.46094512939453
154,-11.33200740814209,-345.81097412109375,26.061960792541505
155,-11.384622573852539,-330.11607055664064,14.01084213256836
156,-14.204362869262695,-332.55125732421874,22.414026832580568
157,-16.35689926147461,-352.8421569824219,26.327889251708985
158,-14.651212692260742,-354.39429931640626,20.75479335784912
159,-14.479985237121582,-319.5343811035156,30.70618724822998
160,-36.74242401123047,-358.57216796875,17.076985359191895
161,-14.976785659790039,-366.06190795898436,22.072125053405763
162,-17.661434173583984,-353.8837463378906,28.01185417175293
163,-14.53331184387207,-352.4896484375,21.352711486816407
164,-12.980974197387695,-356.08031005859374,23.832390975952148
165,-20.892154693603516,-349.7475524902344,25.146185684204102
166,-18.067583084106445,-379.1415954589844,20.89427375793457
167,-16.308673858642578,-373.01349487304685,19.476377296447755
168,-14.567599296569824,-405.93759765625,34.07954483032226
169,-14.815800666809082,-392.2398376464844,19.670406341552734
170,-12.859893798828125,-429.7309143066406,18.44450397491455
171,-19.989744186401367,-384.4121826171875,25.200225639343262
172,-21.673961639404297,-388.7300170898437,34.6197624206543
173,-14.966547012329102,-415.75083618164064,19.865598678588867
174,-13.6407470703125,-409.1543884277344,17.85249443054199
175,-13.480926513671875,-422.7787658691406,27.03096561431885
176,-16.927534103393555,-428.96348876953124,26.191930770874023
177,-20.709867477416992,-409.17901611328125,21.274212265014647
178,-13.387140274047852,-451.6124572753906,23.667314720153808
179,-18.206787109375,-470.08245239257815,16.637797164916993
180,-14.143574714660645,-450.4746948242188,19.635596084594727
181,-25.590909957885742,-435.2477661132813,31.016386032104492
182,-60.89202880859375,-416.3320068359375,23.180963897705077
183,-16.58555793762207,-457.52421875,22.81268444061279
184,-15.752202987670898,-449.9328247070313,19.832287216186522
185,-27.28305435180664,-433.3791870117187,19.83367805480957
186,-28.784130096435547,-459.64063720703126,38.01467170715332
187,-41.260650634765625,-449.7322082519531,29.094195556640624
188,-21.389690399169922,-482.4040832519531,40.48831329345703
189,-96.27570343017578,-436.30560302734375,14.603251266479493
190,-23.342832565307617,-454.32225341796874,34.009538650512695
191,-21.609073638916016,-484.91228637695315,18.632877540588378
192,-40.703529357910156,-460.3408569335937,103.04567375183106
193,-45.35013198852539,-461.6461669921875,78.99201774597168
194,-95.24116516113281,-481.6557922363281,23.814480209350585
195,-118.13651275634766,-483.09913330078126,14.086012077331542
196,-21.63408851623535,-516.7381286621094,73.59196319580079
197,-67.74003601074219,-468.996728515625,23.688769721984862
198,-294.16424560546875,-532.903466796875,23.386692428588866
199,-92.96005249023438,-507.4732177734375,31.53632926940918
200,-63.54412078857422,-536.15712890625,54.315046310424805
201,-112.0008316040039,-543.5438049316406,13.990050888061523
202,-271.320068359375,-529.8476989746093,55.81231555938721
203,-114.77835845947266,-542.934375,50.03342952728271
204,-242.24771118164062,-529.7659851074219,14.107082557678222
205,-304.6698913574219,-516.9978637695312,113.75040283203126
206,-106.09930419921875,-494.2098815917969,154.0111228942871
207,-511.22509765625,-512.6453063964843,41.027621841430665
208,-267.3466796875,-477.1327270507812,206.41772994995117
209,-298.1429443359375,-543.2326171875,26.168023300170898
210,-533.1538696289062,-517.3896423339844,209.49553928375244
211,-206.2800750732422,-515.6774597167969,156.78402404785157
212,-229.48452758789062,-558.731005859375,77.9557876586914
213,-292.24163818359375,-549.8740844726562,212.62040100097656
214,-72.59198760986328,-530.3520385742188,137.2895637512207
215,-393.8646545410156,-557.9615844726562,95.7919418334961
216,-77.3014907836914,-573.9375366210937,97.95684585571288
217,-65.68302154541016,-592.3783325195312,60.08580017089844
218,-238.1364288330078,-563.5321411132812,45.97094993591308
219,-112.9516830444336,-596.360107421875,47.56481094360352
220,-268.34814453125,-599.5842529296875,38.6271411895752
221,-116.6005859375,-550.0168273925781,184.7023017883301
222,-273.2843017578125,-594.8188659667969,70.38427505493163
223,-303.54412841796875,-600.3081298828125,158.6132049560547
224,-435.7581481933594,-595.6457275390625,64.74385299682618
225,-244.2284393310547,-590.10224609375,61.17156143188477
226,-387.3280029296875,-581.2659912109375,159.4562141418457
227,-299.60125732421875,-624.0159790039063,72.90664405822754
228,-657.2764282226562,-585.342529296875,45.429359436035156
229,-690.9059448242188,-655.9676147460938,35.84654502868652
230,-637.2330322265625,-664.1022216796875,83.44722900390624
231,-691.4275512695312,-606.6596069335938,182.95844573974608
232,-317.4640808105469,-624.6547119140625,135.8767391204834
233,-512.7406616210938,-674.6955932617187,131.48552474975585
234,-389.12347412109375,-642.4773803710938,107.2795425415039
235,-399.53656005859375,-633.1169067382813,202.398046875
236,-707.9642333984375,-683.33125,73.02705001831055
237,-525.9976806640625,-672.8230712890625,291.32947578430174
238,-684.0765380859375,-681.9912475585937,76.2930461883545
239,-756.1383056640625,-698.636328125,26.268070220947266
240,-743.1495361328125,-578.4522094726562,318.73787994384764
241,-770.5306396484375,-683.3540283203125,233.52144203186035
242,-631.1611938476562,-703.7444946289063,304.11517868041994
243,-745.6859130859375,-667.4907104492188,122.06945152282715
244,-756.7616577148438,-673.0325439453125,248.83802528381347
245,-642.5194091796875,-652.5605346679688,255.7054801940918
246,-708.2283935546875,-657.5196166992188,397.1194297790527
247,-757.59423828125,-684.2423095703125,272.6760025024414
248,-772.6077880859375,-727.7787231445312,83.0168685913086
249,-727.9012451171875,-716.2289672851563,91.10260276794433
250,-743.7974243164062,-670.5205078125,365.53860511779783
251,-808.9902954101562,-699.9384887695312,102.29958305358886
252,-741.65087890625,-685.04072265625,637.7798706054688
253,-684.2232666015625,-676.8313842773438,341.98960762023927
254,-527.8155517578125,-701.3234619140625,131.44678649902343
255,-674.1019897460938,-688.0274780273437,460.81617736816406
256,-791.4010620117188,-695.5928955078125,422.3683464050293
257,-652.6510009765625,-699.4301025390625,271.14037628173827
258,-717.1005249023438,-708.033154296875,68.8238639831543
259,-769.5468139648438,-716.1713989257812,152.9361198425293
260,-708.9232177734375,-698.8162231445312,353.4316162109375
261,-484.6002502441406,-712.5636352539062,429.17225341796876
262,-197.19227600097656,-671.4890502929687,322.71710510253905
263,-628.3375854492188,-679.9963745117187,222.6756134033203
264,-848.70849609375,-709.8506225585937,102.62155990600586
265,-543.2464599609375,-734.5606079101562,127.09362487792968
266,-637.2295532226562,-709.8291015625,374.3378601074219
267,-595.4656372070312,-702.2716796875,319.3359436035156
268,-766.9720458984375,-691.64326171875,507.59393310546875
269,-788.0919189453125,-749.7258056640625,182.13929290771483
270,-657.313720703125,-744.76640625,326.19464416503905
271,-351.1438903808594,-713.8105590820312,376.2181701660156
272,-753.7293701171875,-704.2566772460938,396.7138732910156
273,-681.509765625,-737.8728515625,470.1734191894531
274,-855.3005981445312,-718.3603271484375,234.04303283691405
275,-799.0725708007812,-746.937744140625,409.1551116943359
276,-837.7576904296875,-655.8154846191406,467.38515625
277,-537.1207275390625,-736.882421875,588.9188537597656
278,-759.9661254882812,-699.1458740234375,268.5789093017578
279,-782.3199462890625,-829.6389282226562,269.7251266479492
280,-874.3201293945312,-787.81337890625,486.0493499755859
281,-744.01904296875,-741.025732421875,364.4220199584961
282,-826.10107421875,-732.1854736328125,541.4658081054688
283,-755.007568359375,-753.8555908203125,403.4962463378906
284,-830.9434814453125,-704.998583984375,301.1176132202148
285,-890.9807739257812,-807.4560424804688,324.9751937866211
286,-442.2430114746094,-794.0777099609375,608.6718994140625
287,-875.19873046875,-760.4607788085938,415.3083923339844
288,-814.4462280273438,-820.9289672851562,513.7559844970704
289,-855.7889404296875,-793.3271484375,301.0118606567383
290,-733.4625244140625,-777.5124267578125,466.3528137207031
291,-749.2033081054688,-769.796923828125,495.5293685913086
292,-851.51171875,-788.2162841796875,767.0763305664062
293,-836.04150390625,-759.6020141601563,437.24155578613284
294,-342.77203369140625,-836.7973022460938,69.7256233215332
295,-909.126953125,-852.34228515625,462.8754364013672
296,-852.1043090820312,-787.2531372070313,667.6726623535156
297,-901.8836059570312,-734.2471435546875,467.6983581542969
298,-957.60009765625,-818.252392578125,255.91117401123046
299,-958.8679809570312,-758.3847534179688,329.08827209472656
300,-963.3995971679688,-850.1424682617187,276.82383880615237
301,-933.6438598632812,-828.243359375,489.79620056152345
302,-957.3382568359375,-832.7088500976563,802.4330444335938
303,-974.9923706054688,-865.93154296875,777.0927978515625
304,-919.90283203125,-826.6363891601562,212.98383178710938
305,-898.93310546875,-834.2086303710937,270.3732376098633
306,-989.0748291015625,-862.5054931640625,412.5199142456055
307,-902.6598510742188,-839.1453857421875,723.0539260864258
308,-936.9938354492188,-916.664111328125,721.0630920410156
309,-783.05224609375,-887.694189453125,281.6771865844727
310,-961.5943603515625,-867.987158203125,676.1126052856446
311,-1005.2965698242188,-926.2709228515625,415.74696197509763
312,-999.0153198242188,-871.1628784179687,806.3583862304688
313,-899.8118896484375,-885.4677368164063,547.1366287231446
314,-924.60205078125,-836.017529296875,413.2850372314453
315,-955.2808837890625,-843.7586059570312,850.1833618164062
316,-976.5537109375,-867.7932495117187,726.4977844238281
317,-1009.4080810546875,-942.2498291015625,876.1468872070312
318,-960.9495849609375,-967.2594604492188,913.4593139648438
319,-581.9176025390625,-934.4065185546875,277.79262084960936
320,-1016.7767333984375,-870.4191528320313,356.0095275878906
321,-1024.393310546875,-932.58408203125,930.9630004882813
322,-952.0970458984375,-831.268896484375,729.3738098144531
323,-956.0070190429688,-878.5384155273438,891.4932739257813
324,-972.6348876953125,-818.7528686523438,420.9143402099609
325,-850.8248901367188,-864.2304565429688,572.7365081787109
326,-1003.7595825195312,-890.652734375,884.9655639648438
327,-1031.70556640625,-912.08115234375,942.7939086914063
328,-996.9900512695312,-1004.1751220703125,945.0374877929687
329,-1019.4528198242188,-920.9984741210938,858.169580078125
330,-1039.3837890625,-935.400537109375,877.8930053710938
331,-1044.1611328125,-933.6242797851562,725.2947067260742
332,-1014.24853515625,-922.4683837890625,948.027294921875
333,-1040.941162109375,-959.2758544921875,880.1262084960938
334,-1046.5516357421875,-932.2654052734375,882.5177856445313
335,-1000.4528198242188,-901.4439453125,655.6890228271484
336,-1020.5052490234375,-906.8276123046875,949.39248046875
337,-1049.4932861328125,-919.0550659179687,916.8471435546875
338,-967.3203125,-968.57197265625,990.87451171875
339,-976.6275634765625,-931.3689697265625,741.656706237793
340,-990.3009033203125,-886.8557983398438,778.373779296875
341,-962.2508544921875,-889.426708984375,710.8867736816406
342,-1025.668701171875,-919.2408325195313,979.0510498046875
343,-951.7273559570312,-949.4160766601562,915.4420654296875
344,-884.7276611328125,-896.5185668945312,732.6302062988282
345,-1008.3200073242188,-894.9884033203125,468.0256576538086
346,-1020.8746948242188,-899.3571899414062,893.441015625
347,-1006.5763549804688,-887.0781005859375,915.81708984375
348,-829.83251953125,-938.9216796875,805.0342407226562
349,-1044.220458984375,-919.889697265625,926.9268188476562
350,-1022.4461059570312,-955.4735595703125,919.5666137695313
351,-1066.8245849609375,-1019.7081787109375,902.593798828125
352,-1050.21826171875,-1020.8306640625,941.9364624023438
353,-1071.3326416015625,-957.2501098632813,942.781689453125
354,-1058.845947265625,-976.6546752929687,913.5107177734375
355,-1046.0892333984375,-958.5962280273437,928.8289672851563
356,-1052.916259765625,-950.6432739257813,945.9540893554688
357,-1073.498291015625,-991.9103637695313,1036.3571044921875
358,-988.67333984375,-961.8504028320312,1019.215087890625
359,-1045.4366455078125,-972.5394653320312,897.206982421875
360,-1051.9368896484375,-917.00458984375,766.7554443359375
361,-1053.0458984375,-955.7236206054688,885.8239379882813
362,-1050.581787109375,-910.24677734375,969.6651000976562
363,-1067.2425537109375,-941.411474609375,671.3456420898438
364,-1069.419189453125,-956.8800537109375,863.6753540039062
365,-1031.335205078125,-909.5576049804688,754.9756958007813
366,-1056.754150390625,-1002.7030517578125,903.3457275390625
367,-1085.1259765625,-956.3332641601562,992.2106079101562
368,-1002.9547119140625,-962.8571166992188,983.749462890625
369,-1069.0943603515625,-1048.0867065429688,947.815673828125
370,-1090.070068359375,-971.7623291015625,923.413427734375
371,-1092.2330322265625,-906.1917724609375,961.09404296875
372,-1062.128662109375,-978.7125732421875,999.4625122070313
373,-1088.0133056640625,-949.6415161132812,826.5026733398438
374,-860.08984375,-982.0648193359375,646.9998931884766
375,-1072.3851318359375,-933.9930541992187,879.1515747070313
376,-1077.0426025390625,-1020.9495727539063,785.3636962890625
377,-1097.4117431640625,-965.391015625,1005.2605346679687
378,-974.9611206054688,-997.7728759765625,1039.08212890625
379,-1081.700439453125,-1002.5712524414063,978.9802124023438
380,-1098.315185546875,-977.312939453125,785.1369415283203
381,-1089.395263671875,-970.9388549804687,966.4026489257812
382,-1077.9405517578125,-924.1262084960938,894.6172454833984
383,-1106.90771484375,-967.4375,937.9805786132813
384,-1092.9306640625,-950.093212890625,905.6489501953125
385,-1042.1634521484375,-994.4121337890625,1036.19072265625
386,-1082.6552734375,-1005.5594970703125,1012.3491821289062
387,-1107.253173828125,-997.1616577148437,978.3845825195312
388,-1024.231689453125,-1012.475390625,1052.9084228515626
389,-1092.822509765625,-1064.2981201171874,1057.1186157226562
390,-1112.9027099609375,-1009.3780883789062,905.4753295898438
391,-1104.9039306640625,-960.8593505859375,856.8854309082031
392,-1068.5445556640625,-976.2872314453125,893.8912719726562
393,-1097.351318359375,-1046.5951293945313,900.2540924072266
394,-1115.4437255859375,-1028.2231567382812,1020.4504516601562
395,-1101.11328125,-987.8127197265625,830.9230407714844
396,-1095.967041015625,-963.1776733398438,944.682421875
397,-1113.448974609375,-1034.793701171875,1026.7363403320312
398,-1032.887939453125,-998.9797607421875,1061.9757568359375
399,-1103.61376953125,-1020.1223999023438,1029.070263671875
400,-996.1286010742188,-994.42216796875,842.0846923828125
401,-1125.27001953125,-1027.03076171875,940.9785888671875
402,-1106.981201171875,-1043.3693969726562,915.6132598876953
403,-1130.7906494140625,-1001.8281860351562,1032.8134765625
404,-1115.4783935546875,-1009.5518920898437,1022.3239013671875
405,-1111.5947265625,-1046.7139770507813,997.1050170898437
406,-1111.6173095703125,-1054.9339599609375,1075.61171875
407,-1134.406005859375,-1024.91728515625,1039.1962158203125
408,-1041.60302734375,-984.7451293945312,1036.5466430664062
409,-1113.6749267578125,-1036.376123046875,1071.3551025390625
410,-1130.7760009765625,-976.5471923828125,481.1699676513672
411,-1136.500732421875,-973.5062377929687,1037.245068359375
412,-1116.0382080078125,-1054.5138427734375,1042.816357421875
413,-1127.877685546875,-1040.344677734375,1022.1945922851562
414,-1123.044189453125,-1070.564208984375,1118.65185546875
415,-1094.2698974609375,-997.8309814453125,995.4828002929687
416,-1118.042236328125,-985.2851806640625,998.75693359375
417,-1142.887939453125,-1018.5516845703125,1044.8337036132812
418,-1055.001708984375,-1092.116845703125,1008.6862670898438
419,-1102.372314453125,-1020.1642211914062,1087.3860595703125
420,-1146.97509765625,-1060.9626342773438,989.4078979492188
421,-1144.3798828125,-1017.0799926757812,1006.1593505859375
422,-1124.3768310546875,-1073.40576171875,1121.9922607421875
423,-1137.4276123046875,-1042.3919311523437,977.135498046875
424,-1145.5504150390625,-1014.9345947265625,907.6965026855469
425,-1130.470458984375,-1032.9759765625,947.5587890625
426,-1126.1539306640625,-1010.8055908203125,726.2794921875
427,-1147.576904296875,-1060.22734375,1093.0458251953125
428,-1070.7742919921875,-1101.61328125,1099.2039794921875
429,-1137.9447021484375,-1074.329345703125,1062.964404296875
430,-1087.3751220703125,-1044.393310546875,712.5237182617187
431,-1159.0771484375,-1004.7049438476563,1017.156982421875
432,-1131.142578125,-1059.4106323242188,1097.424560546875
433,-1163.69775390625,-1032.7643432617188,1006.38701171875
434,-1164.648681640625,-1041.1744384765625,1024.0210693359375
435,-1144.3741455078125,-1012.7477783203125,982.0279541015625
436,-1136.5050048828125,-1052.0038818359376,520.3054840087891
437,-1137.348876953125,-1063.1445678710938,1068.878466796875
438,-1022.5499877929688,-1102.6557250976562,916.4937042236328
439,-1150.834228515625,-1035.0539184570312,1026.3574096679688
440,-1140.746337890625,-1005.6563720703125,1033.8974853515624
441,-1065.19775390625,-1021.535498046875,992.6684936523437
442,-900.3385620117188,-986.0762329101562,1073.5298950195313
443,-1172.5152587890625,-1061.603564453125,1015.2867065429688
444,-1174.9378662109375,-1046.0516845703125,1035.598095703125
445,-1147.261474609375,-1090.2764892578125,1112.436376953125
446,-1176.681396484375,-1036.8884521484374,1079.162939453125
447,-1176.5631103515625,-1018.7171264648438,983.7591674804687
448,-1089.5777587890625,-1123.3239013671875,1037.5889404296875
449,-1107.2205810546875,-1029.059716796875,1168.074853515625
450,-1078.0228271484375,-1143.875830078125,1123.5962158203124
451,-939.4259643554688,-1069.9671997070313,1088.7306396484375
452,-1165.873779296875,-1064.0178466796874,1088.892041015625
453,-1167.870361328125,-1020.3642822265625,937.5086059570312
454,-1175.8790283203125,-1061.9206787109374,1058.0417236328126
455,-1160.0985107421875,-1056.8229248046875,1102.2469482421875
456,-1142.0848388671875,-1070.4156494140625,1158.264697265625
457,-1188.5377197265625,-1059.045703125,1120.0333740234375
458,-1137.3135986328125,-1084.0390625,990.5316528320312
459,-1191.2572021484375,-1094.4225341796875,942.0580505371094
460,-1174.2127685546875,-1105.6313232421876,991.5753173828125
461,-1147.2159423828125,-1039.5211059570313,1091.6888061523437
462,-1172.108154296875,-1050.747021484375,1154.5993896484374
463,-1186.01025390625,-1067.6268920898438,1091.7600219726562
464,-1196.1243896484375,-1060.9986938476563,1053.0755249023437
465,-1172.3297119140625,-1111.0897705078125,1012.0318237304688
466,-1179.9970703125,-1064.5265625,1059.8245239257812
467,-1196.530517578125,-1109.156591796875,1138.438720703125
468,-1154.879638671875,-1073.5033813476562,1128.886572265625
469,-1193.9615478515625,-970.5948120117188,1126.9341186523438
470,-1201.6331787109375,-1075.5924682617188,819.5020202636719
471,-1087.1024169921875,-1085.7996337890625,838.0280334472657
472,-1119.67041015625,-1048.5155029296875,1081.103466796875
473,-1204.552734375,-1092.4481811523438,1144.8002685546876
474,-1195.620361328125,-1081.3083618164062,924.4481689453125
475,-1132.4305419921875,-1003.2558227539063,1066.6765869140625
476,-1176.811767578125,-1117.0673583984376,1074.1587890625
477,-1204.603759765625,-1102.4043701171875,884.9294372558594
478,-1113.75048828125,-1089.3242919921875,1154.482080078125
479,-1183.5335693359375,-1134.3751708984375,990.2232727050781
480,-1212.510009765625,-1096.4229614257813,1001.3352233886719
481,-1194.671630859375,-1088.6112670898438,903.4031860351563
482,-1194.9552001953125,-1065.3975952148437,1141.483984375
483,-1213.456298828125,-1121.3522216796875,1063.4271118164063
484,-1213.0980224609375,-1062.5671264648438,1121.1241088867187
485,-1141.3448486328125,-1085.1314453125,967.578564453125
486,-1182.652099609375,-1060.2836547851562,1147.673046875
487,-1214.8336181640625,-1077.9058837890625,1101.3647338867188
488,-1116.4453125,-1109.3647216796876,1152.8148193359375
489,-1198.934326171875,-1097.5992797851563,1155.2177490234376
490,-1214.9512939453125,-1036.474853515625,755.6054901123047
491,-1224.099853515625,-1093.5158325195312,1043.109228515625
492,-1184.737060546875,-1136.5139892578125,1123.1564208984375
493,-1222.826171875,-1090.4335815429688,891.5894348144532
494,-1210.611083984375,-1064.7464111328125,1119.6824584960937
495,-1196.27880859375,-1140.1223876953125,783.8409088134765
496,-1195.241455078125,-1092.3953857421875,770.4747863769531
497,-1229.65625,-1083.504296875,1080.8912353515625
498,-1150.3057861328125,-1124.5703125,1128.8990966796875
499,-1217.8931884765625,-1189.1701904296874,1216.0713134765624
500,-1238.8585205078125,-1120.5686279296874,1134.6480224609375
501,-1239.553466796875,-1127.772412109375,1217.5287109375
502,-1211.872802734375,-1095.3039428710938,1022.5432861328125
503,-1234.9837646484375,-1119.8534912109376,1140.6059692382812
504,-1241.6004638671875,-1155.7467895507812,1178.680078125
505,-1213.3817138671875,-1088.8144165039062,1176.613427734375
506,-1224.824462890625,-1145.7587768554688,1183.321826171875
507,-1244.1202392578125,-1114.7920654296875,1183.788232421875
508,-1163.79296875,-1159.6671630859375,1170.8678466796875
509,-1231.3988037109375,-1154.3472412109375,1035.214990234375
510,-1216.673583984375,-1116.2277221679688,983.7960083007813
511,-1244.5570068359375,-1102.174560546875,1130.1346435546875
512,-1228.694091796875,-1146.919873046875,1147.61259765625
513,-1149.9273681640625,-1128.803125,878.5379150390625
514,-1220.698486328125,-1111.48056640625,1139.261083984375
515,-1230.2015380859375,-1101.290380859375,1195.602001953125
516,-1228.5146484375,-1146.3173828125,1147.849951171875
517,-1249.5914306640625,-1085.295263671875,1149.4184326171876
518,-1165.2452392578125,-1189.9388427734375,1039.5339416503907
519,-1236.8988037109375,-1206.8388671875,803.7166412353515
520,-1212.985595703125,-1119.774072265625,613.3489624023438
521,-1239.1470947265625,-1042.0746337890625,870.1613159179688
522,-1153.3641357421875,-1117.1774658203126,1116.2113525390625
523,-1257.680908203125,-1112.5772094726562,1039.7309020996095
524,-1259.867431640625,-1081.5077392578125,1203.18046875
525,-1259.9859619140625,-1113.961669921875,919.6109497070313
526,-1243.2530517578125,-1174.1925048828125,965.5338500976562
527,-1148.528564453125,-1106.3591430664062,1153.7195068359374
528,-1176.0234375,-1177.3292724609375,1006.1495727539062
529,-1236.048583984375,-1176.3616943359375,1127.0047119140625
530,-1247.5078125,-1182.083349609375,822.5833190917969
531,-1260.536376953125,-1110.8624755859375,1107.2123779296876
532,-1179.614013671875,-1158.6779541015626,1168.082275390625
533,-1275.533447265625,-1152.8087768554688,1136.2460693359376
534,-1252.2144775390625,-1144.841455078125,1129.621044921875
535,-1257.918701171875,-1140.9752685546875,1179.731640625
536,-1252.207275390625,-1183.3993408203125,1215.3620361328126
537,-1216.46875,-1117.99453125,1167.733935546875
538,-1183.197998046875,-1146.5474609375,1176.22099609375
539,-1257.861083984375,-1213.851416015625,1182.8768310546875
540,-1251.7830810546875,-1171.886962890625,932.6292114257812
541,-1280.853759765625,-1141.221533203125,1135.1654052734375
542,-1250.543701171875,-1126.6400390625,1218.49326171875
543,-1281.0404052734375,-1125.4411865234374,962.5708129882812
544,-1257.91552734375,-1122.9956298828124,1150.4689331054688
545,-1261.613037109375,-1147.840771484375,1163.812646484375
546,-1266.1947021484375,-1190.820458984375,1191.0143798828126
547,-1250.018798828125,-1171.582568359375,1144.1931884765625
548,-1203.53515625,-1192.637255859375,1206.422509765625
549,-1273.124267578125,-1200.9179443359376,1180.295703125
550,-1267.708984375,-1138.560205078125,1060.4474609375
551,-1292.566650390625,-1182.2681640625,1155.5126220703125
552,-1260.2774658203125,-1142.50107421875,1073.3367065429688
553,-1290.2081298828125,-1164.84765625,996.3662048339844
554,-1296.570556640625,-1193.4608642578125,1196.0540771484375
555,-1262.9591064453125,-1185.398046875,681.6323669433593
556,-1275.871337890625,-1218.1923828125,1179.9053466796875
557,-1233.9744873046875,-1217.952880859375,795.4850524902344
558,-1172.3531494140625,-1168.9750732421876,1111.335791015625
559,-1271.5758056640625,-1178.5298095703124,1235.1809326171874
560,-1308.045166015625,-1188.0215087890624,776.2393676757813
561,-1297.3834228515625,-1194.1484619140624,1152.526171875
562,-1284.55224609375,-1134.968408203125,1194.915673828125
563,-1310.649658203125,-1209.8390869140626,1168.87236328125
564,-1315.4813232421875,-1203.9452392578125,1202.5929443359375
565,-1280.298583984375,-1169.431005859375,1209.7439208984374
566,-1271.830322265625,-1196.9395751953125,1164.2338623046876
567,-1273.407958984375,-1149.7741455078126,1159.8339599609376
568,-1213.647216796875,-1227.411083984375,1108.9806640625
569,-1294.6966552734375,-1202.424169921875,1226.330322265625
570,-1319.696044921875,-1254.5369873046875,1296.285546875
571,-1286.708251953125,-1178.84345703125,1026.922784423828
572,-1242.8533935546875,-1150.81591796875,887.411328125
573,-1304.443603515625,-1209.0097412109376,1250.81650390625
574,-1319.2427978515625,-1214.31005859375,1301.2799072265625
575,-1296.0731201171875,-1184.1546875,1175.1535888671874
576,-1297.1539306640625,-1142.958349609375,1214.56953125
577,-1266.998779296875,-1159.9431640625,1219.0392333984375
578,-1203.3759765625,-1272.1359619140626,1303.8927978515626
579,-1299.04150390625,-1211.2791748046875,1002.7864807128906
580,-1299.6085205078125,-1216.905908203125,836.72734375
581,-1328.773193359375,-1240.3830078125,1080.8531982421875
582,-1294.3916015625,-1209.9138671875,1231.3785888671875
583,-1338.523193359375,-1274.1954345703125,1230.1716064453126
584,-1317.3516845703125,-1179.853857421875,1272.1950439453126
585,-1247.528564453125,-1199.573779296875,1083.6037719726562
586,-1321.93310546875,-1222.3960205078124,1118.6014770507813
587,-1326.3499755859375,-1199.7432861328125,1033.9481384277344
588,-1262.2342529296875,-1294.272509765625,1243.76015625
589,-1331.000244140625,-1247.75625,1285.1343994140625
590,-1314.269287109375,-1185.1154052734375,768.31220703125
591,-1346.878173828125,-1235.034228515625,1184.836328125
592,-1347.9000244140625,-1229.3268310546875,1108.0828735351563
593,-1353.49365234375,-1264.82509765625,1286.2421875
594,-1300.60986328125,-1308.9932861328125,1236.6274658203124
595,-1307.7103271484375,-1172.6299072265624,1243.841943359375
596,-1311.2369384765625,-1240.3861328125,1125.9180053710938
597,-1331.8109130859375,-1246.726025390625,1211.3804443359375
598,-1245.2353515625,-1257.2134521484375,1045.7056823730468
599,-1335.006103515625,-1249.5980224609375,1294.6443603515625
600,-1348.0015869140625,-1238.9642333984375,1013.4751098632812
601,-1310.6988525390625,-1232.4457763671876,1217.147705078125
602,-1331.9228515625,-1203.88251953125,1288.876123046875
603,-1360.0013427734375,-1224.567724609375,969.5141723632812
604,-1355.6590576171875,-1225.4464111328125,1070.6085388183594
605,-1338.728515625,-1235.6308349609376,1237.20302734375
606,-1335.213134765625,-1235.748291015625,1053.0348083496094
607,-1343.537841796875,-1240.6546875,1252.771533203125
608,-1260.5609130859375,-1288.98330078125,1259.4841796875
609,-1325.567138671875,-1230.1767578125,1225.189404296875
610,-1377.968017578125,-1291.7365966796874,555.6207946777344
611,-1373.521240234375,-1294.2014892578125,1043.844384765625
612,-1344.6138916015625,-1298.2674560546875,1048.429022216797
613,-1383.7652587890625,-1250.76318359375,1352.4402587890625
614,-1381.322021484375,-1262.588232421875,1246.86513671875
615,-1317.267333984375,-1269.151171875,1295.3687744140625
616,-1350.492431640625,-1338.1820556640625,1263.5865966796875
617,-1357.851806640625,-1179.524462890625,1355.746826171875
618,-1273.5394287109375,-1298.021240234375,1117.6352172851562
619,-1360.2386474609375,-1279.626025390625,1362.3478515625
620,-1391.102294921875,-1266.44765625,1250.316064453125
621,-1387.04052734375,-1315.612353515625,1281.568115234375
622,-1322.824462890625,-1280.0808837890625,1125.2985534667969
623,-1389.0625,-1327.1691650390626,1263.6757080078125
624,-1391.5865478515625,-1322.071484375,1093.8684143066407
625,-1354.9329833984375,-1298.159619140625,1358.4944091796874
626,-1330.3912353515625,-1258.6868408203125,998.1005920410156
627,-1400.6583251953125,-1304.9673095703124,1095.5035095214844
628,-1303.7010498046875,-1344.390380859375,1102.8867431640624
629,-1383.6243896484375,-1359.6731201171874,1342.75634765625
630,-1410.0849609375,-1305.41435546875,1180.3037109375
631,-1410.176513671875,-1302.0605224609376,1301.44658203125
632,-1407.0374755859375,-1307.7557861328125,1102.0941650390625
633,-1338.2958984375,-1356.34228515625,1376.6858642578125
634,-1414.15234375,-1293.2714111328125,1389.7263427734374
635,-1357.8072509765625,-1351.6938720703124,1108.9697387695312
636,-1389.236572265625,-1283.5665771484375,1300.7874267578125
637,-1411.4769287109375,-1321.4449951171875,1268.7320068359375
638,-1355.7283935546875,-1337.4728271484375,1193.4033813476562
639,-1414.8648681640625,-1358.1817138671875,1109.5161499023438
640,-1409.677978515625,-1267.9728515625,981.5622314453125
641,-1385.3134765625,-1208.1994384765626,1126.615185546875
642,-1391.474853515625,-1287.592919921875,1265.600146484375
643,-1421.966064453125,-1314.450146484375,1361.90126953125
644,-1422.082763671875,-1301.4465087890626,1395.6413330078126
645,-1403.721435546875,-1273.197216796875,1399.2978271484376
646,-1291.930908203125,-1307.0569091796874,1087.4882263183595
647,-1364.4017333984375,-1324.456201171875,1356.1237548828126
648,-1370.282958984375,-1234.4590698242187,995.1380493164063
649,-1435.648681640625,-1321.2114501953124,1165.1698608398438
650,-1432.3519287109375,-1290.42958984375,1131.3763061523437
651,-1432.6668701171875,-1331.2427490234375,1350.8470703125
652,-1212.2564697265625,-1329.0768798828126,1204.3167724609375
653,-1439.569091796875,-1321.911962890625,1290.1442626953126
654,-1396.881103515625,-1347.941259765625,1347.7602294921876
655,-1420.767822265625,-1287.8259033203126,1370.8786865234374
656,-1412.1824951171875,-1325.710400390625,993.380810546875
657,-1410.327880859375,-1354.5144287109374,1330.82880859375
658,-1353.7637939453125,-1313.9958740234374,1337.8552978515625
659,-1410.599853515625,-1381.2367919921876,1371.198291015625
660,-1394.580322265625,-1362.3281494140624,1267.4428466796876
661,-1421.6678466796875,-1264.11787109375,1294.260107421875
662,-1358.27490234375,-1299.7208740234375,1344.273193359375
663,-1430.9041748046875,-1337.645849609375,1279.9322998046875
664,-1426.4014892578125,-1297.695556640625,1143.6916870117188
665,-1427.4996337890625,-1338.326318359375,1427.347314453125
666,-1414.1396484375,-1326.34833984375,1131.4189880371093
667,-1433.2247314453125,-1319.7997802734376,1214.0290649414062
668,-1375.91015625,-1381.5084228515625,1348.262158203125
669,-1438.7216796875,-1371.701513671875,1354.609765625
670,-1462.8756103515625,-1420.897509765625,1107.237481689453
671,-1387.45068359375,-1329.4454345703125,1220.846533203125
672,-1372.780517578125,-1352.5253173828125,1201.7256958007813
673,-1463.517578125,-1374.323095703125,1443.804150390625
674,-1460.906005859375,-1382.789404296875,1323.42197265625
675,-1408.2454833984375,-1365.8845947265625,1166.123193359375
676,-1411.195068359375,-1372.1981689453125,928.6182373046875
677,-1434.7711181640625,-1292.2921630859375,1157.1962341308595
678,-1396.966552734375,-1395.8534912109376,1257.3744506835938
679,-1439.912109375,-1344.26142578125,1383.7162109375
680,-1468.1280517578125,-1406.7981689453125,711.3479431152343
681,-1354.69921875,-1356.6266845703126,1319.1953125
682,-1322.2926025390625,-1313.8874755859374,975.6955627441406
683,-1465.5211181640625,-1366.0768798828126,1306.2940185546875
684,-1430.227783203125,-1323.0810546875,1313.2161376953125
685,-1464.74755859375,-1388.320068359375,1059.8717651367188
686,-1432.231689453125,-1352.278369140625,720.7381652832031
687,-1440.281982421875,-1379.7775146484375,1279.9116455078124
688,-1347.43212890625,-1366.697119140625,943.5684265136719
689,-1431.5711669921875,-1390.0387939453126,1375.580517578125
690,-1485.302734375,-1352.4077392578124,984.3934020996094
691,-1499.37158203125,-1365.7799560546875,1319.0493408203124
692,-1404.657470703125,-1375.931005859375,1062.8095947265624
693,-1448.730712890625,-1354.1705322265625,1345.4328857421874
694,-1405.522216796875,-1384.2482421875,1369.7502685546874
695,-1459.2359619140625,-1338.0830810546875,1285.1747314453125
696,-1472.0416259765625,-1329.63564453125,1181.5568298339845
697,-1478.2777099609375,-1391.9087646484375,1437.8866943359376
698,-1400.6171875,-1373.7513916015625,1071.6577575683593
699,-1486.2498779296875,-1457.5103271484375,1444.967578125
700,-1503.0244140625,-1374.959033203125,1112.5900146484375
701,-1478.436767578125,-1375.6985107421874,1433.7504150390625
702,-1422.3828125,-1418.831396484375,786.6992553710937
703,-1517.8858642578125,-1383.7780517578126,1353.9022216796875
704,-1503.617919921875,-1396.4521240234376,1358.5427001953126
705,-1508.020751953125,-1417.35732421875,1349.547802734375
706,-1473.2235107421875,-1404.2290283203124,810.4185791015625
707,-1486.4136962890625,-1415.7438720703126,1405.4036865234375
708,-1397.5426025390625,-1439.4239013671875,1083.5210510253905
709,-1480.344482421875,-1420.587109375,1463.55009765625
710,-1528.2138671875,-1414.5708740234375,1337.5128662109375
711,-1519.7105712890625,-1421.8251220703125,1465.1244140625
712,-1377.12939453125,-1429.605615234375,1061.06083984375
713,-1537.2738037109375,-1420.5090087890626,1450.56201171875
714,-1517.974853515625,-1345.1051513671875,1420.3998046875
715,-1503.4583740234375,-1388.3998779296876,1406.101611328125
716,-1497.342529296875,-1419.966650390625,1240.8260009765625
717,-1525.4501953125,-1375.5423095703125,1467.788037109375
718,-1452.874755859375,-1434.890380859375,1402.498828125
719,-1526.7034912109375,-1408.1968017578124,1229.5299499511718
720,-1546.631591796875,-1471.120556640625,1373.259326171875
721,-1541.2760009765625,-1458.7781494140625,1416.2435546875
722,-1429.9154052734375,-1384.4899169921875,1430.24970703125
723,-1550.5322265625,-1481.1070556640625,1443.4172119140626
724,-1450.108154296875,-1416.237890625,1407.8860595703125
725,-1524.5670166015625,-1447.07509765625,1261.2546630859374
726,-1515.8525390625,-1439.25380859375,1313.4255615234374
727,-1401.346435546875,-1410.65810546875,1198.2442260742187
728,-1526.65966796875,-1414.730810546875,992.7492431640625
729,-1496.551025390625,-1405.5676513671874,480.94013061523435
730,-1440.739501953125,-1395.0273193359376,482.1857849121094
731,-1422.3624267578125,-1425.9736572265624,481.505224609375
732,-1517.9117431640625,-1477.9021484375,985.3211120605469
733,-1536.33642578125,-1470.2569091796875,1223.6549194335937
734,-1515.611572265625,-1412.739208984375,1481.700390625
735,-1579.803466796875,-1390.619677734375,1409.3898193359375
736,-1539.680908203125,-1445.4557373046875,1155.6994995117188
737,-1561.5787353515625,-1397.3847900390624,1201.706884765625
738,-1559.7857666015625,-1470.1695556640625,1476.596826171875
739,-1543.215087890625,-1472.1730712890626,659.0789245605469
740,-1595.1199951171875,-1487.3697998046875,1523.8130615234375
741,-1462.1644287109375,-1432.381689453125,1201.5332641601562
742,-1446.064453125,-1448.2441650390624,1271.9664672851563
743,-1571.2794189453125,-1484.593212890625,1175.3712890625
744,-1545.554931640625,-1459.632861328125,1219.892138671875
745,-1584.4024658203125,-1353.0356079101562,1382.554443359375
746,-1559.3499755859375,-1486.6639404296875,499.241015625
747,-1564.359619140625,-1409.642431640625,866.1011901855469
748,-1562.9764404296875,-1436.4767333984375,1100.3835388183593
749,-1586.1224365234375,-1423.0381591796875,1073.1627197265625
750,-1614.894287109375,-1472.7315673828125,1513.7789306640625
751,-1617.470458984375,-1453.297607421875,1090.669775390625
752,-1562.9815673828125,-1499.934228515625,1483.9005615234375
753,-1573.496337890625,-1494.0333251953125,1461.40322265625
754,-1537.4375,-1433.899267578125,1296.8057983398437
755,-1571.5916748046875,-1428.36865234375,1330.9294677734374
756,-1571.470703125,-1464.30703125,868.4132934570313
757,-1537.7933349609375,-1478.3609130859375,668.2135314941406
758,-1578.531494140625,-1478.3727294921875,1271.8942077636718
759,-1609.336181640625,-1570.4677001953125,1064.5755859375
760,-1642.035888671875,-1472.111181640625,1280.8957763671874
761,-1582.1422119140625,-1468.2258056640626,1502.9405517578125
762,-1482.751708984375,-1455.0259033203124,977.7925903320313
763,-1380.2943115234375,-1502.039306640625,1591.633203125
764,-1609.862548828125,-1513.5760498046875,1540.0943359375
765,-1640.809814453125,-1496.7835693359375,1474.4448974609375
766,-1603.5736083984375,-1480.4515625,1085.9134643554687
767,-1610.9447021484375,-1572.025146484375,1287.2755249023437
768,-1649.820556640625,-1457.754833984375,868.8888061523437
769,-1626.6351318359375,-1503.6593994140626,518.9894409179688
770,-1663.9710693359375,-1589.608642578125,1634.6318359375
771,-1558.6309814453125,-1527.60869140625,1081.8277709960937
772,-1570.9691162109375,-1467.5381103515624,979.9125732421875
773,-1571.15234375,-1609.4855712890626,688.1085693359375
774,-1637.645263671875,-1552.500634765625,690.3415893554687
775,-1658.8736572265625,-1593.930517578125,690.2687377929688
776,-1636.573486328125,-1517.1689453125,1305.6871459960937
777,-1609.113525390625,-1590.7802978515624,1478.632763671875
778,-1684.176513671875,-1526.2481689453125,1514.9600341796875
779,-1641.032958984375,-1583.6757080078125,1510.7572509765625
780,-1616.880615234375,-1561.7876708984375,1007.033740234375
781,-1604.656005859375,-1521.473486328125,1598.871875
782,-1563.020751953125,-1536.3085693359376,756.4503662109375
783,-1699.0687255859375,-1498.5403564453125,1642.997265625
784,-1664.3228759765625,-1581.9559326171875,1571.5379150390625
785,-1703.7349853515625,-1591.08525390625,1340.5428833007813
786,-1649.637939453125,-1494.912939453125,1536.843212890625
787,-1647.6712646484375,-1500.0585693359376,1638.5515869140625
788,-1703.8681640625,-1578.2672607421875,1545.98466796875
789,-1668.856689453125,-1578.8197509765625,1346.92216796875
790,-1680.683837890625,-1550.5047607421875,1356.961865234375
791,-1664.739013671875,-1584.0420654296875,1289.3364868164062
792,-1599.0185546875,-1538.242529296875,1176.962646484375
793,-1696.48828125,-1565.3063720703126,1640.0172119140625
794,-1689.645263671875,-1560.5958984375,1583.7391357421875
795,-1717.005859375,-1611.8236328125,1459.7123168945313
796,-1668.7943115234375,-1541.6308837890624,1212.7732421875
797,-1643.418701171875,-1569.0538818359375,1508.1041748046875
798,-1651.919677734375,-1655.428515625,1694.5009033203125
799,-1671.98828125,-1581.4336669921875,1330.1822509765625
800,-1724.5611572265625,-1650.276123046875,1423.30830078125
801,-1684.457275390625,-1546.14970703125,1484.4885498046874
802,-1559.1068115234375,-1556.5757080078124,1579.261767578125
803,-1709.1195068359375,-1552.3005126953126,1622.8461181640625
804,-1687.664794921875,-1627.90107421875,1574.141650390625
805,-1720.823486328125,-1594.487744140625,1633.47490234375
806,-1711.787353515625,-1626.1723388671876,1155.241064453125
807,-1698.119140625,-1597.9531494140624,1602.4433837890624
808,-1717.0902099609375,-1637.93603515625,1550.876318359375
809,-1722.2034912109375,-1603.7621826171876,1599.105419921875
810,-1742.8199462890625,-1670.1505859375,1054.1166137695313
811,-1667.9840087890625,-1619.546630859375,1408.8573364257813
812,-1648.1802978515625,-1599.9988525390625,1629.4267578125
813,-1734.326171875,-1611.324560546875,1550.6864013671875
814,-1601.6962890625,-1626.1875,1633.263720703125
815,-1737.2822265625,-1654.9618896484376,1583.3647705078124
816,-1736.6396484375,-1634.580908203125,1346.957861328125
817,-1738.2783203125,-1621.140380859375,1642.136767578125
818,-1740.567138671875,-1645.6973876953125,1717.778271484375
819,-1658.3916015625,-1595.21103515625,1271.1869384765625
820,-1758.620849609375,-1665.091357421875,1144.4129516601563
821,-1727.878173828125,-1616.44326171875,1555.465625
822,-1706.7523193359375,-1662.954052734375,972.6826049804688
823,-1760.6461181640625,-1625.1641845703125,1631.7802734375
824,-1726.4456787109375,-1520.461083984375,1629.6572998046875
825,-1766.5703125,-1709.736279296875,1683.647900390625
826,-1734.115966796875,-1677.6450439453124,1579.2884521484375
827,-1751.935546875,-1629.509814453125,1646.9061767578125
828,-1771.3876953125,-1674.4783203125,1452.1958129882812
829,-1754.544677734375,-1663.2427734375,1708.7992919921876
830,-1741.083984375,-1707.6978515625,1585.9107666015625
831,-1722.850830078125,-1608.82744140625,1683.8698486328126
832,-1658.8109130859375,-1612.078271484375,1214.339453125
833,-1776.887451171875,-1693.5212646484374,1647.9957763671875
834,-1749.7904052734375,-1714.8187744140625,1611.3421630859375
835,-1770.818603515625,-1599.54501953125,1739.4050048828126
836,-1800.128173828125,-1687.9374755859376,1251.482421875
837,-1799.7034912109375,-1600.1196044921876,1698.080517578125
838,-1785.374267578125,-1702.511474609375,1712.3678955078126
839,-1800.853271484375,-1662.4328369140626,1764.7549560546875
840,-1782.1488037109375,-1660.622021484375,934.853515625
841,-1712.4224853515625,-1681.2951416015626,1676.046337890625
842,-1748.6392822265625,-1531.8517822265626,826.9362670898438
843,-1795.7877197265625,-1706.5369140625,1739.686376953125
844,-1775.4547119140625,-1594.845703125,1727.2462646484375
845,-1793.7701416015625,-1663.697705078125,1700.6279541015624
846,-1804.7515869140625,-1701.525927734375,1201.0537231445312
847,-1810.6148681640625,-1706.63935546875,1419.80087890625
848,-1793.0631103515625,-1643.062841796875,1490.255224609375
849,-1761.803955078125,-1731.983544921875,1651.3623291015624
850,-1798.660400390625,-1687.51416015625,1249.7508056640625
851,-1784.732421875,-1592.0801025390624,1577.5580322265625
852,-1636.087646484375,-1673.50107421875,1192.38369140625
853,-1795.088623046875,-1639.82158203125,1761.735498046875
854,-1799.144775390625,-1698.807421875,1477.7701293945313
855,-1813.3466796875,-1707.5112548828124,1536.5503662109375
856,-1795.626708984375,-1691.4585205078124,1620.35654296875
857,-1813.9169921875,-1700.55400390625,1479.7318603515625
858,-1750.098388671875,-1707.765673828125,1713.2547119140625
859,-1800.967041015625,-1630.0609130859375,1407.5568725585938
860,-1826.8310546875,-1709.95712890625,801.2242797851562
861,-1776.7818603515625,-1743.3970703125,1237.2479858398438
862,-1694.293212890625,-1651.3163818359376,1493.686474609375
863,-1827.469970703125,-1727.9292724609375,1492.4276733398438
864,-1802.949951171875,-1732.2822998046875,1328.2740844726563
865,-1746.044921875,-1704.7006103515625,1609.1332275390625
866,-1783.592529296875,-1666.8835205078126,1506.1741577148437
867,-1817.073486328125,-1654.044775390625,1383.6197143554687
868,-1844.8958740234375,-1745.400341796875,1578.805029296875
869,-1809.7630615234375,-1806.08466796875,1485.21337890625
870,-1846.9515380859375,-1763.3576416015626,1478.9667724609376
871,-1826.6041259765625,-1676.182373046875,1751.4447998046876
872,-1737.330078125,-1696.832275390625,1655.1242431640626
873,-1834.5443115234375,-1707.043994140625,1587.756982421875
874,-1801.064697265625,-1730.1792236328124,1794.0905029296875
875,-1832.710205078125,-1702.5828369140625,1738.6892333984374
876,-1829.578857421875,-1679.48427734375,1239.4591064453125
877,-1788.852294921875,-1596.3263671875,1529.8513427734374
878,-1852.8607177734375,-1740.6349853515626,1769.4167236328126
879,-1850.943359375,-1730.6739013671875,1010.0515869140625
880,-1863.6953125,-1691.156982421875,1065.5887939453125
881,-1807.2838134765625,-1714.1639404296875,1755.9237548828125
882,-1757.395751953125,-1762.958740234375,1725.495947265625
883,-1873.0247802734375,-1777.9081298828125,1710.2703369140625
884,-1837.59765625,-1725.891162109375,1731.578271484375
885,-1856.421630859375,-1677.2377197265625,1377.3813232421876
886,-1822.6090087890625,-1713.997998046875,1762.8892578125
887,-1859.1500244140625,-1748.596240234375,1539.1969604492188
888,-1870.928466796875,-1776.0578857421874,1629.9300048828125
889,-1872.221923828125,-1724.12197265625,1810.58203125
890,-1877.427001953125,-1803.1705078125,1304.43701171875
891,-1797.53515625,-1699.61474609375,1548.4663696289062
892,-1806.7880859375,-1758.951171875,1636.8781982421874
893,-1884.6390380859375,-1765.723876953125,1811.150439453125
894,-1887.429443359375,-1746.1550537109374,1838.86630859375
895,-1898.026123046875,-1804.4721435546876,1882.56416015625
896,-1858.25390625,-1733.9725830078125,1801.567333984375
897,-1888.3316650390625,-1759.7025390625,1765.735009765625
898,-1835.91796875,-1711.298779296875,1398.633349609375
899,-1834.2457275390625,-1777.64775390625,1626.79609375
900,-1899.3411865234375,-1782.756787109375,1079.2138427734376
901,-1865.833740234375,-1705.6635986328124,1761.0412353515626
902,-1831.1171875,-1718.6911865234374,1788.06181640625
903,-1807.0931396484375,-1732.3651611328125,1671.319384765625
904,-1871.0657958984375,-1746.8315185546876,1521.328662109375
905,-1841.9752197265625,-1741.31787109375,1754.6168212890625
906,-1895.027099609375,-1728.0634521484376,1876.350390625
907,-1902.69921875,-1769.505126953125,1569.57626953125
908,-1707.8001708984375,-1742.1109619140625,1814.4061767578125
909,-1804.7017822265625,-1734.401318359375,1742.7733154296875
910,-1916.1220703125,-1813.127587890625,1461.3574951171875
911,-1863.0404052734375,-1811.9991943359375,1878.11416015625
912,-1839.7864990234375,-1801.767919921875,1614.608642578125
913,-1832.258056640625,-1789.6734130859375,1740.1915771484375
914,-1919.5452880859375,-1814.850146484375,1590.4568359375
915,-1888.412109375,-1756.64775390625,1832.3622314453125
916,-1880.8900146484375,-1789.1454833984376,1778.449951171875
917,-1900.7532958984375,-1790.617431640625,1825.6608154296875
918,-1835.548095703125,-1809.0315185546874,1825.601708984375
919,-1853.672607421875,-1746.6340576171874,1565.2628051757813
920,-1931.460693359375,-1839.9365966796875,1870.72763671875
921,-1862.1507568359375,-1655.8247802734375,1396.7345825195312
922,-1912.814453125,-1777.90654296875,1815.4498046875
923,-1924.715087890625,-1804.8224609375,1498.5554931640625
924,-1818.544189453125,-1830.154833984375,1804.13046875
925,-1916.1051025390625,-1749.4704833984374,1392.1223510742188
926,-1855.501220703125,-1804.609521484375,1935.7890869140624
927,-1890.1256103515625,-1839.1218994140625,1807.8271484375
928,-1733.6796875,-1742.6629638671875,1863.297021484375
929,-1884.5716552734375,-1855.1191162109376,1903.6626953125
930,-1857.7633056640625,-1842.9267333984376,1586.8974975585938
931,-1918.412109375,-1819.5015625,1782.7346923828125
932,-1887.7125244140625,-1714.921728515625,1534.3385986328126
933,-1924.8453369140625,-1829.4693359375,1767.398779296875
934,-1909.2291259765625,-1789.544873046875,1580.9739990234375
935,-1882.6927490234375,-1774.064404296875,1712.6400146484375
936,-1948.699462890625,-1837.5865478515625,1842.02314453125
937,-1925.032958984375,-1794.5011962890626,1839.246630859375
938,-1749.077880859375,-1776.687939453125,1851.703466796875
939,-1943.015869140625,-1760.916650390625,1806.638623046875
940,-1935.763916015625,-1849.9295654296875,1549.0537475585938
941,-1916.9351806640625,-1786.8734375,1863.8314208984375
942,-1922.06640625,-1802.1596923828124,1747.4789794921876
943,-1955.560791015625,-1775.5572265625,1449.9046508789063
944,-1956.508544921875,-1837.2621826171876,1783.03447265625
945,-1911.796875,-1832.7196044921875,1749.6847900390626
946,-1902.8011474609375,-1808.92080078125,1805.3705810546876
947,-1957.5142822265625,-1819.1676513671875,1869.5889404296875
948,-1785.601806640625,-1834.50625,1856.3061279296876
949,-1891.375,-1877.9563720703125,1627.6417846679688
950,-1921.25390625,-1792.587109375,1688.2329345703124
951,-1958.4986572265625,-1845.2857421875,1749.607958984375
952,-1925.679931640625,-1778.555126953125,1688.3958740234375
953,-1962.8157958984375,-1838.0361083984376,1825.0360595703125
954,-1945.5107421875,-1852.8104736328125,1769.152001953125
955,-1962.4515380859375,-1799.843994140625,1874.92373046875
956,-1935.087158203125,-1851.8650390625,1634.0833374023437
957,-1958.2025146484375,-1783.05458984375,1795.8029052734375
958,-1780.484130859375,-1881.4082763671875,1909.624853515625
959,-1989.736328125,-1888.0325439453125,1218.720556640625
960,-1953.6802978515625,-1843.95048828125,1487.706298828125
961,-1972.221923828125,-1851.25791015625,1774.1817138671875
962,-1959.740234375,-1867.3549072265625,1799.052685546875
963,-1986.8004150390625,-1888.3460693359375,1898.6964111328125
964,-1937.4794921875,-1899.53017578125,1625.576416015625
965,-1944.5791015625,-1902.352197265625,1940.71533203125
966,-1865.662109375,-1836.66015625,1856.5131591796876
967,-1999.249267578125,-1884.117041015625,1759.3306274414062
968,-1767.6038818359375,-1925.354345703125,1691.4006591796874
969,-1903.4134521484375,-1918.988134765625,1697.8884155273438
970,-1924.5328369140625,-1927.0742919921875,1881.7877197265625
971,-2006.789794921875,-1870.2847412109375,1931.7981201171874
972,-2010.352783203125,-1782.2432373046875,1879.0802490234375
973,-1985.8414306640625,-1849.640478515625,1957.452001953125
974,-1979.703369140625,-1851.210400390625,1671.15576171875
975,-1977.998046875,-1911.044775390625,1918.1580322265625
976,-1964.834716796875,-1832.7489501953125,1654.24990234375
977,-1975.0142822265625,-1765.9847412109375,1809.6419189453125
978,-1968.691162109375,-1943.1661376953125,1923.1194580078125
979,-2000.7447509765625,-1845.915869140625,1957.54892578125
980,-1904.6904296875,-1837.0380859375,1082.2113037109375
981,-1984.152099609375,-1809.5952392578124,1858.89609375
982,-1930.343994140625,-1865.5578857421874,1864.4260986328125
983,-2019.0198974609375,-1845.5509765625,1824.6103759765624
984,-2013.461669921875,-1851.8096435546875,1870.4800537109375
985,-2018.3818359375,-1840.8774658203124,2038.0393310546874
986,-1945.196533203125,-1938.031201171875,1391.844970703125
987,-1959.054931640625,-1871.2031982421875,1629.2929077148438
988,-1785.455322265625,-1878.8274658203125,1564.4701416015625
989,-1987.6630859375,-1931.9871337890625,1747.314111328125
990,-1974.5863037109375,-1932.68427734375,1666.9964599609375
991,-1998.822509765625,-1826.352880859375,1558.0572509765625
992,-1984.7943115234375,-1888.9531982421875,1898.9374267578125
993,-2004.759033203125,-1900.1681396484375,1869.3779296875
994,-1946.497802734375,-1879.545458984375,1919.1116455078125
995,-2028.2750244140625,-1937.3798095703125,1889.19169921875
996,-2060.10302734375,-1897.9662109375,1973.2987548828125
997,-1991.9742431640625,-1934.5591796875,1786.2514892578124
998,-1930.8880615234375,-1898.5380126953125,1669.9259155273437
999,-2040.3616943359375,-1955.21826171875,1696.7791015625
