,history_generator_loss,history_discriminator_loss
0,0.563112199306488,9.968071937561035
1,0.5013124942779541,9.968071937561035
2,0.5012477040290833,9.968071937561035
3,0.5011910796165466,9.968071937561035
4,0.5011746287345886,9.968071937561035
5,0.5011259317398071,10.00007152557373
6,0.5018423199653625,10.00007152557373
7,0.5016994476318359,10.00007152557373
8,0.5016450881958008,10.00007152557373
9,0.5016132593154907,10.00007152557373
10,0.5015885829925537,10.000059127807617
11,0.5018768310546875,10.000059127807617
12,0.5018020868301392,10.000059127807617
13,0.5017303228378296,10.000059127807617
14,0.5016814470291138,10.000059127807617
15,0.5016615986824036,10.000081062316895
16,0.5018227696418762,10.000081062316895
17,0.5017849206924438,10.000081062316895
18,0.5017467737197876,10.000081062316895
19,0.501716136932373,10.000081062316895
20,0.5017321705818176,10.000030517578125
21,0.5019214153289795,10.000030517578125
22,0.5018824934959412,10.000030517578125
23,0.501844048500061,10.000030517578125
24,0.5018521547317505,10.000030517578125
25,0.5018030405044556,9.999963760375977
26,0.5020398497581482,9.999963760375977
27,0.5019740462303162,9.999963760375977
28,0.5019386410713196,9.999963760375977
29,0.501895546913147,9.999963760375977
30,0.5018585920333862,10.000012397766113
31,0.5020183324813843,10.000012397766113
32,0.5019479990005493,10.000012397766113
33,0.5018635392189026,10.000012397766113
34,0.5018007159233093,10.000012397766113
35,0.5017679929733276,9.999910354614258
36,0.501899242401123,9.999910354614258
37,0.5018684267997742,9.999910354614258
38,0.5018303394317627,9.999910354614258
39,0.5017743706703186,9.999910354614258
40,0.5017822980880737,9.999958038330078
41,0.5019342303276062,9.999958038330078
42,0.501880407333374,9.999958038330078
43,0.5018630623817444,9.999958038330078
44,0.5018244981765747,9.999958038330078
45,0.5017943978309631,9.999916076660156
46,0.5019544363021851,9.999916076660156
47,0.5018988847732544,9.999916076660156
48,0.5018364787101746,9.999916076660156
49,0.5017906427383423,9.999916076660156
50,0.5017995834350586,9.999881744384766
51,0.5020302534103394,9.999881744384766
52,0.5019674301147461,9.999881744384766
53,0.5019204616546631,9.999881744384766
54,0.5018869638442993,9.999881744384766
55,0.5018447041511536,9.99983024597168
56,0.5019714832305908,9.99983024597168
57,0.5019255876541138,9.99983024597168
58,0.5018719434738159,9.99983024597168
59,0.5018516778945923,9.99983024597168
60,0.5018267035484314,9.999796867370605
61,0.5019475221633911,9.999796867370605
62,0.5018833875656128,9.999796867370605
63,0.501858115196228,9.999796867370605
64,0.5018813014030457,9.999796867370605
65,0.5018219947814941,9.999728202819824
66,0.5019546747207642,9.999728202819824
67,0.5018740892410278,9.999728202819824
68,0.5018135905265808,9.999728202819824
69,0.5017743110656738,9.999728202819824
70,0.5017300844192505,9.999836921691895
71,0.5018588304519653,9.999836921691895
72,0.5016902089118958,9.999836921691895
73,0.5015683174133301,9.999836921691895
74,0.5015192627906799,9.999836921691895
75,0.5014885663986206,10.000104904174805
76,0.5018512010574341,10.000104904174805
77,0.5017625093460083,10.000104904174805
78,0.501700758934021,10.000104904174805
79,0.5016423463821411,10.000104904174805
80,0.501624345779419,10.00011157989502
81,0.501815915107727,10.00011157989502
82,0.5017650127410889,10.00011157989502
83,0.5017372965812683,10.00011157989502
84,0.5017111301422119,10.00011157989502
85,0.5016902685165405,10.000088691711426
86,0.5018395185470581,10.000088691711426
87,0.5018082857131958,10.000088691711426
88,0.5017948150634766,10.000088691711426
89,0.5017879605293274,10.000088691711426
90,0.5017484426498413,10.000070571899414
91,0.501927375793457,10.000070571899414
92,0.5018531084060669,10.000070571899414
93,0.5018289089202881,10.000070571899414
94,0.5017955303192139,10.000070571899414
95,0.5017751455307007,10.000102996826172
96,0.5019287467002869,10.000102996826172
97,0.5017563700675964,10.000102996826172
98,0.5017359256744385,10.000102996826172
99,0.5017247200012207,10.000102996826172
100,0.5017048716545105,10.00004768371582
101,0.501783013343811,10.00004768371582
102,0.5017798542976379,10.00004768371582
103,0.5017597675323486,10.00004768371582
104,0.5017480850219727,10.00004768371582
105,0.5017403364181519,10.000051498413086
106,0.5018543004989624,10.000051498413086
107,0.5018336176872253,10.000051498413086
108,0.5018248558044434,10.000051498413086
109,0.501801609992981,10.000051498413086
110,0.5017979145050049,10.000041007995605
111,0.5019056797027588,10.000041007995605
112,0.5018250346183777,10.000041007995605
113,0.5018768310546875,10.000041007995605
114,0.5018250346183777,10.000041007995605
115,0.5018272399902344,10.000040054321289
116,0.5018559694290161,10.000040054321289
117,0.5018131136894226,10.000040054321289
118,0.5017842054367065,10.000040054321289
119,0.5017805695533752,10.000040054321289
120,0.5017637014389038,10.000020027160645
121,0.5018020868301392,10.000020027160645
122,0.5017706751823425,10.000020027160645
123,0.5017543435096741,10.000020027160645
124,0.5017474293708801,10.000020027160645
125,0.5017354488372803,10.00003433227539
126,0.5018210411071777,10.00003433227539
127,0.5018014311790466,10.00003433227539
128,0.5017879605293274,10.00003433227539
129,0.5017845630645752,10.00003433227539
130,0.5017635226249695,10.000053405761719
131,0.5018177032470703,10.000053405761719
132,0.5017812252044678,10.000053405761719
133,0.5017733573913574,10.000053405761719
134,0.501754105091095,10.000053405761719
135,0.501732349395752,10.000062942504883
136,0.5017891526222229,10.000062942504883
137,0.5017523765563965,10.000062942504883
138,0.5017362236976624,10.000062942504883
139,0.5017246007919312,10.000062942504883
140,0.5017139911651611,10.000051498413086
141,0.5018147230148315,10.000051498413086
142,0.5017983913421631,10.000051498413086
143,0.5017856359481812,10.000051498413086
144,0.5017751455307007,10.000051498413086
145,0.5017643570899963,10.000049591064453
146,0.5019062161445618,10.000049591064453
147,0.5018509030342102,10.000049591064453
148,0.5018700361251831,10.000049591064453
149,0.5018839240074158,10.000049591064453
150,0.5018704533576965,10.000021934509277
151,0.5019736289978027,10.000021934509277
152,0.5019532442092896,10.000021934509277
153,0.5019409656524658,10.000021934509277
154,0.501930832862854,10.000021934509277
155,0.5019124746322632,10.000038146972656
156,0.5019316077232361,10.000038146972656
157,0.5019064545631409,10.000038146972656
158,0.5018996000289917,10.000038146972656
159,0.5018916726112366,10.000038146972656
160,0.5019088983535767,10.000041961669922
161,0.5018916130065918,10.000041961669922
162,0.5018552541732788,10.000041961669922
163,0.5018831491470337,10.000041961669922
164,0.5018641948699951,10.000041961669922
165,0.501850962638855,10.00001049041748
166,0.5018656253814697,10.00001049041748
167,0.5018534660339355,10.00001049041748
168,0.5018415451049805,10.00001049041748
169,0.5018343329429626,10.00001049041748
170,0.5018216371536255,10.000036239624023
171,0.5019056797027588,10.000036239624023
172,0.5018813610076904,10.000036239624023
173,0.5018755197525024,10.000036239624023
174,0.5018582344055176,10.000036239624023
175,0.501846969127655,9.999992370605469
176,0.5020039081573486,9.999992370605469
177,0.5018465518951416,9.999992370605469
178,0.5017455816268921,9.999992370605469
179,0.5017448663711548,9.999992370605469
180,0.5017353296279907,10.000065803527832
181,0.5017694234848022,10.000065803527832
182,0.5017564296722412,10.000065803527832
183,0.5017455816268921,10.000065803527832
184,0.5017364025115967,10.000065803527832
185,0.5017333030700684,10.000003814697266
186,0.5017643570899963,10.000003814697266
187,0.5017622709274292,10.000003814697266
188,0.501759946346283,10.000003814697266
189,0.5017540454864502,10.000003814697266
190,0.5017542839050293,10.000014305114746
191,0.5018103122711182,10.000014305114746
192,0.5018033981323242,10.000014305114746
193,0.5017998218536377,10.000014305114746
194,0.5017978549003601,10.000014305114746
195,0.501813530921936,9.999998092651367
196,0.5019000768661499,9.999998092651367
197,0.501890242099762,9.999998092651367
198,0.5018846988677979,9.999998092651367
199,0.5018673539161682,9.999998092651367
200,0.5018567442893982,10.00002670288086
201,0.5018668174743652,10.00002670288086
202,0.5018584728240967,10.00002670288086
203,0.5018649101257324,10.00002670288086
204,0.5018479824066162,10.00002670288086
205,0.5018455386161804,10.000005722045898
206,0.5018439292907715,10.000005722045898
207,0.5018343925476074,10.000005722045898
208,0.5018253922462463,10.000005722045898
209,0.501823902130127,10.000005722045898
210,0.501825749874115,10.000012397766113
211,0.50187087059021,10.000012397766113
212,0.5018590092658997,10.000012397766113
213,0.5018591284751892,10.000012397766113
214,0.5018519759178162,10.000012397766113
215,0.5018473863601685,10.000011444091797
216,0.5019111633300781,10.000011444091797
217,0.5018827319145203,10.000011444091797
218,0.5018662214279175,10.000011444091797
219,0.5018647909164429,10.000011444091797
220,0.5018976926803589,9.99998950958252
221,0.5019856095314026,9.99998950958252
222,0.5019764304161072,9.99998950958252
223,0.5019568204879761,9.99998950958252
224,0.5019310712814331,9.99998950958252
225,0.5019031167030334,10.00006103515625
226,0.5018778443336487,10.00006103515625
227,0.5018323659896851,10.00006103515625
228,0.5018187165260315,10.00006103515625
229,0.5018093585968018,10.00006103515625
230,0.5018060803413391,9.999996185302734
231,0.5017555952072144,9.999996185302734
232,0.5017367601394653,9.999996185302734
233,0.5017303228378296,9.999996185302734
234,0.5017227530479431,9.999996185302734
235,0.5017189383506775,10.00001335144043
236,0.5017524361610413,10.00001335144043
237,0.5017462968826294,10.00001335144043
238,0.5017395615577698,10.00001335144043
239,0.5017393827438354,10.00001335144043
240,0.5017366409301758,10.000008583068848
241,0.5017949342727661,10.000008583068848
242,0.5017874240875244,10.000008583068848
243,0.5017768144607544,10.000008583068848
244,0.5017842054367065,10.000008583068848
245,0.5017925500869751,9.999994277954102
246,0.5018279552459717,9.999994277954102
247,0.5018236041069031,9.999994277954102
248,0.5018180012702942,9.999994277954102
249,0.5018160343170166,9.999994277954102
250,0.5018041133880615,10.000007629394531
251,0.5018247365951538,10.000007629394531
252,0.5018156170845032,10.000007629394531
253,0.5018057227134705,10.000007629394531
254,0.5017960071563721,10.000007629394531
255,0.501787543296814,10.000022888183594
256,0.5018104314804077,10.000022888183594
257,0.501802921295166,10.000022888183594
258,0.5017942190170288,10.000022888183594
259,0.5017857551574707,10.000022888183594
260,0.5017789006233215,10.000001907348633
261,0.5018892288208008,10.000001907348633
262,0.5017657279968262,10.000001907348633
263,0.5017516613006592,10.000001907348633
264,0.5017491579055786,10.000001907348633
265,0.5017395615577698,10.000051498413086
266,0.5017865896224976,10.000051498413086
267,0.5017694234848022,10.000051498413086
268,0.5017498135566711,10.000051498413086
269,0.5017483234405518,10.000051498413086
270,0.5017424821853638,10.000008583068848
271,0.5017918348312378,10.000008583068848
272,0.5017569065093994,10.000008583068848
273,0.5017637014389038,10.000008583068848
274,0.5017531514167786,10.000008583068848
275,0.5017430782318115,10.000018119812012
276,0.5017726421356201,10.000018119812012
277,0.5017622709274292,10.000018119812012
278,0.5017563104629517,10.000018119812012
279,0.5017633438110352,10.000018119812012
280,0.5017503499984741,10.000018119812012
281,0.5017704963684082,10.000018119812012
282,0.5017588138580322,10.000018119812012
283,0.5017473697662354,10.000018119812012
284,0.5017432570457458,10.000018119812012
285,0.5017324090003967,10.000014305114746
286,0.5017433166503906,10.000014305114746
287,0.5017247200012207,10.000014305114746
288,0.501720666885376,10.000014305114746
289,0.5017138719558716,10.000014305114746
290,0.5017099380493164,10.000020980834961
291,0.501731812953949,10.000020980834961
292,0.5017167925834656,10.000020980834961
293,0.5017048120498657,10.000020980834961
294,0.5016921758651733,10.000020980834961
295,0.5016930103302002,9.999931335449219
296,0.5018268823623657,9.999931335449219
297,0.5016741752624512,9.999931335449219
298,0.5016403198242188,9.999931335449219
299,0.5016201734542847,9.999931335449219
300,0.5016121864318848,10.000040054321289
301,0.5016700029373169,10.000040054321289
302,0.5016502737998962,10.000040054321289
303,0.5016467571258545,10.000040054321289
304,0.5016394853591919,10.000040054321289
305,0.5016351938247681,10.000003814697266
306,0.501695990562439,10.000003814697266
307,0.5016874074935913,10.000003814697266
308,0.5016852617263794,10.000003814697266
309,0.5016804337501526,10.000003814697266
310,0.5016757249832153,9.999999046325684
311,0.5017763376235962,9.999999046325684
312,0.5017538070678711,9.999999046325684
313,0.5017486810684204,9.999999046325684
314,0.50174880027771,9.999999046325684
315,0.5017427802085876,9.999981880187988
316,0.5018225908279419,9.999981880187988
317,0.5018083453178406,9.999981880187988
318,0.501792311668396,9.999981880187988
319,0.5017904043197632,9.999981880187988
320,0.501818835735321,10.0
321,0.501874566078186,10.0
322,0.501839280128479,10.0
323,0.5018206834793091,10.0
324,0.501781702041626,10.0
325,0.5018230080604553,9.999958992004395
326,0.5019185543060303,9.999958992004395
327,0.5019111633300781,9.999958992004395
328,0.5018956065177917,9.999958992004395
329,0.5018754005432129,9.999958992004395
330,0.5018618106842041,10.000001907348633
331,0.5018792152404785,10.000001907348633
332,0.5018495321273804,10.000001907348633
333,0.50185227394104,10.000001907348633
334,0.5018269419670105,10.000001907348633
335,0.5018268823623657,9.999990463256836
336,0.5018672943115234,9.999990463256836
337,0.5018261671066284,9.999990463256836
338,0.5018106698989868,9.999990463256836
339,0.5018205046653748,9.999990463256836
340,0.5018176436424255,10.000018119812012
341,0.5018306374549866,10.000018119812012
342,0.5017929077148438,10.000018119812012
343,0.5017709136009216,10.000018119812012
344,0.5018471479415894,10.000018119812012
345,0.501844584941864,9.99997615814209
346,0.5018478035926819,9.99997615814209
347,0.5018002986907959,9.99997615814209
348,0.5017719268798828,9.99997615814209
349,0.5017617344856262,9.99997615814209
350,0.501746416091919,9.999988555908203
351,0.5018556118011475,9.999988555908203
352,0.5018360614776611,9.999988555908203
353,0.5017907619476318,9.999988555908203
354,0.501777708530426,9.999988555908203
355,0.5017834901809692,10.00001049041748
356,0.5018783807754517,10.00001049041748
357,0.5018594861030579,10.00001049041748
358,0.5018552541732788,10.00001049041748
359,0.5018326044082642,10.00001049041748
360,0.5018597841262817,9.999992370605469
361,0.5018833875656128,9.999992370605469
362,0.5018569231033325,9.999992370605469
363,0.5018395185470581,9.999992370605469
364,0.5018426179885864,9.999992370605469
365,0.5018112063407898,10.000041961669922
366,0.5018428564071655,10.000041961669922
367,0.5018026232719421,10.000041961669922
368,0.501768946647644,10.000041961669922
369,0.501763105392456,10.000041961669922
370,0.5017611384391785,10.000009536743164
371,0.5017561912536621,10.000009536743164
372,0.5017626285552979,10.000009536743164
373,0.5017483234405518,10.000009536743164
374,0.5017477869987488,10.000009536743164
375,0.5017553567886353,10.000000953674316
376,0.5017795562744141,10.000000953674316
377,0.5017738938331604,10.000000953674316
378,0.5017586350440979,10.000000953674316
379,0.5017615556716919,10.000000953674316
380,0.5017555952072144,10.000020980834961
381,0.5018442869186401,10.000020980834961
382,0.5018206238746643,10.000020980834961
383,0.5017973184585571,10.000020980834961
384,0.501786470413208,10.000020980834961
385,0.5017682313919067,9.999967575073242
386,0.5019123554229736,9.999967575073242
387,0.5017879009246826,9.999967575073242
388,0.5017544031143188,9.999967575073242
389,0.5017386674880981,9.999967575073242
390,0.5017310380935669,10.000045776367188
391,0.5017274618148804,10.000045776367188
392,0.5017086267471313,10.000045776367188
393,0.5016906261444092,10.000045776367188
394,0.5016827583312988,10.000045776367188
395,0.5016809701919556,9.999993324279785
396,0.5018243789672852,9.999993324279785
397,0.5017175674438477,9.999993324279785
398,0.5016879439353943,9.999993324279785
399,0.5016542077064514,9.999993324279785
400,0.501641571521759,10.00002670288086
401,0.5016406178474426,10.00002670288086
402,0.5016231536865234,10.00002670288086
403,0.501615047454834,10.00002670288086
404,0.5016157627105713,10.00002670288086
405,0.5016021728515625,10.000045776367188
406,0.5016613006591797,10.000045776367188
407,0.5016560554504395,10.000045776367188
408,0.5016508102416992,10.000045776367188
409,0.5016468167304993,10.000045776367188
410,0.5016448497772217,10.000016212463379
411,0.5017213821411133,10.000016212463379
412,0.5017098188400269,10.000016212463379
413,0.5017043352127075,10.000016212463379
414,0.50169438123703,10.000016212463379
415,0.5016902685165405,10.000004768371582
416,0.5017938613891602,10.000004768371582
417,0.5017408728599548,10.000004768371582
418,0.5017378330230713,10.000004768371582
419,0.5017217993736267,10.000004768371582
420,0.5017133355140686,10.000035285949707
421,0.5017605423927307,10.000035285949707
422,0.5017377138137817,10.000035285949707
423,0.5017311573028564,10.000035285949707
424,0.5017257928848267,10.000035285949707
425,0.5017126798629761,10.000053405761719
426,0.5017802119255066,10.000053405761719
427,0.5017446279525757,10.000053405761719
428,0.5017424821853638,10.000053405761719
429,0.5017394423484802,10.000053405761719
430,0.501736044883728,10.000020980834961
431,0.5017428398132324,10.000020980834961
432,0.5017390251159668,10.000020980834961
433,0.5017307996749878,10.000020980834961
434,0.5017282962799072,10.000020980834961
435,0.5017238259315491,10.000021934509277
436,0.5017645955085754,10.000021934509277
437,0.501762866973877,10.000021934509277
438,0.5017590522766113,10.000021934509277
439,0.5017552375793457,10.000021934509277
440,0.5017510056495667,10.00002384185791
441,0.5018267035484314,10.00002384185791
442,0.5018165111541748,10.00002384185791
443,0.501814603805542,10.00002384185791
444,0.5018091797828674,10.00002384185791
445,0.5018040537834167,9.999980926513672
446,0.501894474029541,9.999980926513672
447,0.501846969127655,9.999980926513672
448,0.5018297433853149,9.999980926513672
449,0.5018210411071777,9.999980926513672
450,0.5018082857131958,10.000017166137695
451,0.5018215179443359,10.000017166137695
452,0.5018165707588196,10.000017166137695
453,0.5018081665039062,10.000017166137695
454,0.5017983913421631,10.000017166137695
455,0.5017983317375183,9.999974250793457
456,0.5019167065620422,9.999974250793457
457,0.5018213987350464,9.999974250793457
458,0.5017637610435486,9.999974250793457
459,0.5017370581626892,9.999974250793457
460,0.501733660697937,10.00001335144043
461,0.5017637014389038,10.00001335144043
462,0.5017530918121338,10.00001335144043
463,0.5017530918121338,10.00001335144043
464,0.5017457604408264,10.00001335144043
465,0.5017439723014832,10.000004768371582
466,0.501792848110199,10.000004768371582
467,0.5017778873443604,10.000004768371582
468,0.5017738342285156,10.000004768371582
469,0.5017657279968262,10.000004768371582
470,0.5017781257629395,9.999971389770508
471,0.5018336772918701,9.999971389770508
472,0.5018227100372314,9.999971389770508
473,0.5018154382705688,9.999971389770508
474,0.5017970204353333,9.999971389770508
475,0.501803994178772,10.000003814697266
476,0.5017983317375183,10.000003814697266
477,0.5017898678779602,10.000003814697266
478,0.5017739534378052,10.000003814697266
479,0.5017647743225098,10.000003814697266
480,0.501788318157196,9.999958992004395
481,0.5018571615219116,9.999958992004395
482,0.5018173456192017,9.999958992004395
483,0.5018021464347839,9.999958992004395
484,0.5017715692520142,9.999958992004395
485,0.501744270324707,10.000031471252441
486,0.501802384853363,10.000031471252441
487,0.5017266273498535,10.000031471252441
488,0.5017290711402893,10.000031471252441
489,0.5017035007476807,10.000031471252441
490,0.5017104148864746,10.000027656555176
491,0.5017399787902832,10.000027656555176
492,0.5017537474632263,10.000027656555176
493,0.5017415285110474,10.000027656555176
494,0.5017403364181519,10.000027656555176
495,0.5017385482788086,10.000006675720215
496,0.5017952919006348,10.000006675720215
497,0.5017892122268677,10.000006675720215
498,0.501787543296814,10.000006675720215
499,0.5017766356468201,10.000006675720215
500,0.5017752647399902,10.000005722045898
501,0.5017884373664856,10.000005722045898
502,0.5017832517623901,10.000005722045898
503,0.501779317855835,10.000005722045898
504,0.5017792582511902,10.000005722045898
505,0.5017833709716797,10.000004768371582
506,0.5017775297164917,10.000004768371582
507,0.5017622709274292,10.000004768371582
508,0.501762330532074,10.000004768371582
509,0.5017517805099487,10.000004768371582
510,0.5017527937889099,10.000008583068848
511,0.5017540454864502,10.000008583068848
512,0.5017439126968384,10.000008583068848
513,0.501741886138916,10.000008583068848
514,0.5017384886741638,10.000008583068848
515,0.50173020362854,10.000024795532227
516,0.5017541646957397,10.000024795532227
517,0.5017468333244324,10.000024795532227
518,0.5017449855804443,10.000024795532227
519,0.5017410516738892,10.000024795532227
520,0.5017409920692444,10.00001335144043
521,0.5017893314361572,10.00001335144043
522,0.5017862319946289,10.00001335144043
523,0.5017743110656738,10.00001335144043
524,0.5017789602279663,10.00001335144043
525,0.5017763376235962,10.000004768371582
526,0.5017954707145691,10.000004768371582
527,0.5017917156219482,10.000004768371582
528,0.501785397529602,10.000004768371582
529,0.5017836093902588,10.000004768371582
530,0.5017735362052917,10.00001049041748
531,0.5017865896224976,10.00001049041748
532,0.5017577409744263,10.00001049041748
533,0.5017609596252441,10.00001049041748
534,0.5017626285552979,10.00001049041748
535,0.501754879951477,10.000007629394531
536,0.5017657279968262,10.000007629394531
537,0.5017597079277039,10.000007629394531
538,0.5017562508583069,10.000007629394531
539,0.501757025718689,10.000007629394531
540,0.501750111579895,10.000016212463379
541,0.5017783045768738,10.000016212463379
542,0.5017727613449097,10.000016212463379
543,0.5017727613449097,10.000016212463379
544,0.5017718076705933,10.000016212463379
545,0.5017713308334351,10.000008583068848
546,0.5018037557601929,10.000008583068848
547,0.5017966628074646,10.000008583068848
548,0.501793622970581,10.000008583068848
549,0.5017910599708557,10.000008583068848
550,0.5017895102500916,10.000009536743164
551,0.5018101930618286,10.000009536743164
552,0.5018006563186646,10.000009536743164
553,0.5017991065979004,10.000009536743164
554,0.5017989873886108,10.000009536743164
555,0.5017956495285034,10.000009536743164
556,0.5018198490142822,10.000009536743164
557,0.5018182992935181,10.000009536743164
558,0.5018119215965271,10.000009536743164
559,0.5018105506896973,10.000009536743164
560,0.5018077492713928,10.000011444091797
561,0.5018088817596436,10.000011444091797
562,0.5018068552017212,10.000011444091797
563,0.5018033981323242,10.000011444091797
564,0.5017974376678467,10.000011444091797
565,0.5018013715744019,10.00000286102295
566,0.5018128752708435,10.00000286102295
567,0.5017687082290649,10.00000286102295
568,0.5017659068107605,10.00000286102295
569,0.5017641186714172,10.00000286102295
570,0.5017624497413635,10.000006675720215
571,0.5017581582069397,10.000006675720215
572,0.5017554759979248,10.000006675720215
573,0.5017575025558472,10.000006675720215
574,0.5017567873001099,10.000006675720215
575,0.5017552375793457,10.000008583068848
576,0.5017713308334351,10.000008583068848
577,0.5017717480659485,10.000008583068848
578,0.5017677545547485,10.000008583068848
579,0.5017685890197754,10.000008583068848
580,0.5017638802528381,10.000012397766113
581,0.5017807483673096,10.000012397766113
582,0.5017781257629395,10.000012397766113
583,0.5017765760421753,10.000012397766113
584,0.5017737746238708,10.000012397766113
585,0.5017770528793335,10.00001335144043
586,0.501781702041626,10.00001335144043
587,0.5017750263214111,10.00001335144043
588,0.5017750859260559,10.00001335144043
589,0.5017726421356201,10.00001335144043
590,0.5017719268798828,10.000004768371582
591,0.5017744898796082,10.000004768371582
592,0.5017703771591187,10.000004768371582
593,0.5017695426940918,10.000004768371582
594,0.5017697215080261,10.000004768371582
595,0.5017707347869873,10.000012397766113
596,0.5018067359924316,10.000012397766113
597,0.5018050074577332,10.000012397766113
598,0.5017966032028198,10.000012397766113
599,0.5017982721328735,10.000012397766113
600,0.5018026828765869,10.000011444091797
601,0.5018303394317627,10.000011444091797
602,0.5018272399902344,10.000011444091797
603,0.5018242597579956,10.000011444091797
604,0.5018218755722046,10.000011444091797
605,0.501823902130127,10.000006675720215
606,0.5018282532691956,10.000006675720215
607,0.5018122792243958,10.000006675720215
608,0.501815915107727,10.000006675720215
609,0.5018160343170166,10.000006675720215
610,0.501818060874939,10.000007629394531
611,0.5018129348754883,10.000007629394531
612,0.5018048286437988,10.000007629394531
613,0.5018060207366943,10.000007629394531
614,0.5018008947372437,10.000007629394531
615,0.5018017292022705,10.000016212463379
616,0.5018100738525391,10.000016212463379
617,0.5017951130867004,10.000016212463379
618,0.5017967224121094,10.000016212463379
619,0.5017911195755005,10.000016212463379
620,0.5017879009246826,10.00001049041748
621,0.5017731785774231,10.00001049041748
622,0.5017697811126709,10.00001049041748
623,0.5017701983451843,10.00001049041748
624,0.5017682909965515,10.00001049041748
625,0.5017663240432739,10.000007629394531
626,0.5017772912979126,10.000007629394531
627,0.5017721652984619,10.000007629394531
628,0.5017751455307007,10.000007629394531
629,0.5017694234848022,10.000007629394531
630,0.5017685890197754,10.000007629394531
631,0.5017876625061035,10.000007629394531
632,0.5017870664596558,10.000007629394531
633,0.5017842054367065,10.000007629394531
634,0.5017831325531006,10.000007629394531
635,0.5017827749252319,10.00000286102295
636,0.5018172860145569,10.00000286102295
637,0.501806378364563,10.00000286102295
638,0.5018064975738525,10.00000286102295
639,0.5018033981323242,10.00000286102295
640,0.5017991065979004,10.000012397766113
641,0.5018203258514404,10.000012397766113
642,0.5018106698989868,10.000012397766113
643,0.5018118619918823,10.000012397766113
644,0.5018094182014465,10.000012397766113
645,0.5018103122711182,10.000008583068848
646,0.5017976760864258,10.000008583068848
647,0.5017886161804199,10.000008583068848
648,0.501785933971405,10.000008583068848
649,0.5017805099487305,10.000008583068848
650,0.5017837285995483,10.000011444091797
651,0.5018006563186646,10.000011444091797
652,0.5017937421798706,10.000011444091797
653,0.5017939805984497,10.000011444091797
654,0.5017914772033691,10.000011444091797
655,0.5017942190170288,10.000007629394531
656,0.5018227100372314,10.000007629394531
657,0.5018224716186523,10.000007629394531
658,0.5018215179443359,10.000007629394531
659,0.5018194317817688,10.000007629394531
660,0.5018178820610046,10.000005722045898
661,0.5018545985221863,10.000005722045898
662,0.5018497705459595,10.000005722045898
663,0.501848042011261,10.000005722045898
664,0.5018442869186401,10.000005722045898
665,0.5018436908721924,10.000009536743164
666,0.501857578754425,10.000009536743164
667,0.501853883266449,10.000009536743164
668,0.5018566846847534,10.000009536743164
669,0.5018759965896606,10.000009536743164
670,0.5018690228462219,9.999990463256836
671,0.5018959641456604,9.999990463256836
672,0.5018887519836426,9.999990463256836
673,0.5018783211708069,9.999990463256836
674,0.5018752217292786,9.999990463256836
675,0.5018726587295532,10.000015258789062
676,0.5018560886383057,10.000015258789062
677,0.5018548965454102,10.000015258789062
678,0.5018523335456848,10.000015258789062
679,0.5018531084060669,10.000015258789062
680,0.5018531680107117,10.000000953674316
681,0.5018427968025208,10.000000953674316
682,0.5018424987792969,10.000000953674316
683,0.5018423199653625,10.000000953674316
684,0.5018394589424133,10.000000953674316
685,0.5018371343612671,10.000009536743164
686,0.5018239617347717,10.000009536743164
687,0.5018296241760254,10.000009536743164
688,0.5018291473388672,10.000009536743164
689,0.5018233060836792,10.000009536743164
690,0.5018222332000732,10.000005722045898
691,0.5018178820610046,10.000005722045898
692,0.501814603805542,10.000005722045898
693,0.5018123388290405,10.000005722045898
694,0.5018113851547241,10.000005722045898
695,0.5018101930618286,10.000001907348633
696,0.5018239617347717,10.000001907348633
697,0.5018234252929688,10.000001907348633
698,0.501822292804718,10.000001907348633
699,0.5018243789672852,10.000001907348633
700,0.5018197894096375,10.00000286102295
701,0.5018459558486938,10.00000286102295
702,0.5018422603607178,10.00000286102295
703,0.5018402338027954,10.00000286102295
704,0.5018372535705566,10.00000286102295
705,0.5018356442451477,10.000008583068848
706,0.5018385648727417,10.000008583068848
707,0.5018374919891357,10.000008583068848
708,0.5018357038497925,10.000008583068848
709,0.5018336772918701,10.000008583068848
710,0.5018310546875,10.000005722045898
711,0.5018376708030701,10.000005722045898
712,0.5018323659896851,10.000005722045898
713,0.5018284320831299,10.000005722045898
714,0.5018277168273926,10.000005722045898
715,0.5018258690834045,10.000006675720215
716,0.5018503069877625,10.000006675720215
717,0.5018483996391296,10.000006675720215
718,0.5018473863601685,10.000006675720215
719,0.501848578453064,10.000006675720215
720,0.5018458962440491,10.00000286102295
721,0.5018773674964905,10.00000286102295
722,0.5018719434738159,10.00000286102295
723,0.5018703937530518,10.00000286102295
724,0.501870334148407,10.00000286102295
725,0.5018677711486816,10.000003814697266
726,0.5018722414970398,10.000003814697266
727,0.5018619298934937,10.000003814697266
728,0.5018572211265564,10.000003814697266
729,0.5018597841262817,10.000003814697266
730,0.5018571615219116,9.99999713897705
731,0.5018421411514282,9.99999713897705
732,0.5018405318260193,9.99999713897705
733,0.5018417835235596,9.99999713897705
734,0.5018417239189148,9.99999713897705
735,0.501834511756897,10.000008583068848
736,0.5018414258956909,10.000008583068848
737,0.5018360614776611,10.000008583068848
738,0.5018370151519775,10.000008583068848
739,0.5018337965011597,10.000008583068848
740,0.5018346905708313,10.0
741,0.5018463134765625,10.0
742,0.50184166431427,10.0
743,0.5018421411514282,10.0
744,0.5018482208251953,10.0
745,0.5018484592437744,9.999984741210938
746,0.5018670558929443,9.999984741210938
747,0.5018635988235474,9.999984741210938
748,0.5018623471260071,9.999984741210938
749,0.5018594264984131,9.999984741210938
750,0.5018564462661743,9.99998664855957
751,0.5018588900566101,9.99998664855957
752,0.5018582344055176,9.99998664855957
753,0.5018572211265564,9.99998664855957
754,0.5018578767776489,9.99998664855957
755,0.501857578754425,9.999979019165039
756,0.5018664598464966,9.999979019165039
757,0.5018657445907593,9.999979019165039
758,0.5018652677536011,9.999979019165039
759,0.5018646121025085,9.999979019165039
760,0.5018641352653503,9.999979019165039
761,0.50188148021698,9.999979019165039
762,0.5018808841705322,9.999979019165039
763,0.5018777847290039,9.999979019165039
764,0.5018782615661621,9.999979019165039
765,0.5018795728683472,9.999969482421875
766,0.5018879175186157,9.999969482421875
767,0.5018860101699829,9.999969482421875
768,0.5018838047981262,9.999969482421875
769,0.5018829107284546,9.999969482421875
770,0.5018837451934814,9.999958992004395
771,0.5018730163574219,9.999958992004395
772,0.5018601417541504,9.999958992004395
773,0.5018525719642639,9.999958992004395
774,0.5018488764762878,9.999958992004395
775,0.5018479824066162,9.999959945678711
776,0.5019115805625916,9.999959945678711
777,0.5018839836120605,9.999959945678711
778,0.5018655061721802,9.999959945678711
779,0.5018775463104248,9.999959945678711
780,0.5018659234046936,9.999916076660156
781,0.501830518245697,9.999916076660156
782,0.5018244981765747,9.999916076660156
783,0.5018191337585449,9.999916076660156
784,0.5018113851547241,9.999916076660156
785,0.5018090009689331,9.999894142150879
786,0.5018602609634399,9.999894142150879
787,0.5018500089645386,9.999894142150879
788,0.5018506646156311,9.999894142150879
789,0.5018464922904968,9.999894142150879
790,0.5018455982208252,9.999836921691895
791,0.5019057393074036,9.999836921691895
792,0.5019046068191528,9.999836921691895
793,0.5019052028656006,9.999836921691895
794,0.5019028186798096,9.999836921691895
795,0.5019046664237976,9.999773979187012
796,0.5019750595092773,9.999773979187012
797,0.5019679665565491,9.999773979187012
798,0.501969575881958,9.999773979187012
799,0.501967191696167,9.999773979187012
800,0.5019638538360596,9.999627113342285
801,0.5020525455474854,9.999627113342285
802,0.5020501613616943,9.999627113342285
803,0.5020415186882019,9.999627113342285
804,0.5020462274551392,9.999627113342285
805,0.5020460486412048,9.999420166015625
806,0.5021523237228394,9.999420166015625
807,0.5021423101425171,9.999420166015625
808,0.5021318793296814,9.999420166015625
809,0.5021583437919617,9.999420166015625
810,0.502151370048523,9.999208450317383
811,0.5022875070571899,9.999208450317383
812,0.502261757850647,9.999208450317383
813,0.5022464394569397,9.999208450317383
814,0.5022700428962708,9.999208450317383
815,0.5022811889648438,9.998926162719727
816,0.5023658275604248,9.998926162719727
817,0.5023152828216553,9.998926162719727
818,0.5024369955062866,9.998926162719727
819,0.5023740530014038,9.998926162719727
820,0.502325177192688,9.998433113098145
821,0.5019045472145081,9.998433113098145
822,0.5014218091964722,9.998433113098145
823,0.5014039278030396,9.998433113098145
824,0.5014128088951111,9.998433113098145
825,0.5013831853866577,9.99774169921875
826,0.5018529891967773,9.99774169921875
827,0.502095103263855,9.99774169921875
828,0.5018569231033325,9.99774169921875
829,0.5018728971481323,9.99774169921875
830,0.5018473863601685,9.997285842895508
831,0.5015174150466919,9.997285842895508
832,0.5012109279632568,9.997285842895508
833,0.5011982917785645,9.997285842895508
834,0.5011985301971436,9.997285842895508
835,0.5011661648750305,9.997306823730469
836,0.5017790794372559,9.997306823730469
837,0.5017608404159546,9.997306823730469
838,0.5017558336257935,9.997306823730469
839,0.5017067193984985,9.997306823730469
840,0.5016620755195618,9.997692108154297
841,0.5014932751655579,9.997692108154297
842,0.5014864206314087,9.997692108154297
843,0.5015050172805786,9.997692108154297
844,0.5014775991439819,9.997692108154297
845,0.501477062702179,9.99770736694336
846,0.5015228390693665,9.99770736694336
847,0.5014746189117432,9.99770736694336
848,0.5014325380325317,9.99770736694336
849,0.5014289617538452,9.99770736694336
850,0.5014280080795288,9.998769760131836
851,0.5012588500976562,9.998769760131836
852,0.501237690448761,9.998769760131836
853,0.501204252243042,9.998769760131836
854,0.5012616515159607,9.998769760131836
855,0.5012472867965698,9.998526573181152
856,0.5010427236557007,9.998526573181152
857,0.5007407665252686,9.998526573181152
858,0.5010718703269958,9.998526573181152
859,0.5008644461631775,9.998526573181152
860,0.5007168054580688,9.998101234436035
861,0.5011825561523438,9.998101234436035
862,0.5011218786239624,9.998101234436035
863,0.5012476444244385,9.998101234436035
864,0.5012274980545044,9.998101234436035
865,0.5011674165725708,9.997279167175293
866,0.5008592009544373,9.997279167175293
867,0.5007771253585815,9.997279167175293
868,0.5009688138961792,9.997279167175293
869,0.5008625984191895,9.997279167175293
870,0.5007712841033936,9.998273849487305
871,0.5006053447723389,9.998273849487305
872,0.5007065534591675,9.998273849487305
873,0.5005371570587158,9.998273849487305
874,0.5005884170532227,9.998273849487305
875,0.5005874633789062,9.998749732971191
876,0.5007833242416382,9.998749732971191
877,0.500770628452301,9.998749732971191
878,0.5006980299949646,9.998749732971191
879,0.5006773471832275,9.998749732971191
880,0.5005267858505249,9.9985933303833
881,0.5016225576400757,9.9985933303833
882,0.5015782117843628,9.9985933303833
883,0.5009757280349731,9.9985933303833
884,0.5009515285491943,9.9985933303833
885,0.5009218454360962,9.998994827270508
886,0.5021693110466003,9.998994827270508
887,0.5021476745605469,9.998994827270508
888,0.5020415782928467,9.998994827270508
889,0.5019172430038452,9.998994827270508
890,0.5018095374107361,9.99478816986084
891,0.5022257566452026,9.99478816986084
892,0.5019994974136353,9.99478816986084
893,0.5017955899238586,9.99478816986084
894,0.5017718076705933,9.99478816986084
895,0.5018386840820312,9.995619773864746
896,0.5016477108001709,9.995619773864746
897,0.501642644405365,9.995619773864746
898,0.5016047358512878,9.995619773864746
899,0.501605749130249,9.995619773864746
900,0.5016776323318481,9.994010925292969
901,0.5009217858314514,9.994010925292969
902,0.5008391737937927,9.994010925292969
903,0.5008436441421509,9.994010925292969
904,0.5008198022842407,9.994010925292969
905,0.5008375644683838,9.99305534362793
906,0.5001963376998901,9.99305534362793
907,0.4999539256095886,9.99305534362793
908,0.4999096095561981,9.99305534362793
909,0.4999145269393921,9.99305534362793
910,0.499907910823822,9.994162559509277
911,0.5007529258728027,9.994162559509277
912,0.5006973743438721,9.994162559509277
913,0.5006327629089355,9.994162559509277
914,0.5006781220436096,9.994162559509277
915,0.5006160140037537,9.994545936584473
916,0.5007420182228088,9.994545936584473
917,0.500746488571167,9.994545936584473
918,0.5007389187812805,9.994545936584473
919,0.5007762908935547,9.994545936584473
920,0.5007629990577698,9.995415687561035
921,0.5010659098625183,9.995415687561035
922,0.5010349750518799,9.995415687561035
923,0.5009616613388062,9.995415687561035
924,0.5009293556213379,9.995415687561035
925,0.5009285807609558,9.99567985534668
926,0.5015169978141785,9.99567985534668
927,0.5012261271476746,9.99567985534668
928,0.5011441707611084,9.99567985534668
929,0.5010621547698975,9.99567985534668
930,0.5010107159614563,9.995820045471191
931,0.5017107129096985,9.995820045471191
932,0.5015772581100464,9.995820045471191
933,0.5014982223510742,9.995820045471191
934,0.5015978813171387,9.995820045471191
935,0.50148606300354,9.995777130126953
936,0.5015419721603394,9.995777130126953
937,0.5015078186988831,9.995777130126953
938,0.501515805721283,9.995777130126953
939,0.5015424489974976,9.995777130126953
940,0.5014678239822388,9.996445655822754
941,0.5010625123977661,9.996445655822754
942,0.5010308623313904,9.996445655822754
943,0.5010161399841309,9.996445655822754
944,0.500949501991272,9.996445655822754
945,0.5010210275650024,9.99695873260498
946,0.5014597177505493,9.99695873260498
947,0.501257061958313,9.99695873260498
948,0.5012259483337402,9.99695873260498
949,0.5013700723648071,9.99695873260498
950,0.5013819932937622,9.996990203857422
951,0.5012416839599609,9.996990203857422
952,0.5012532472610474,9.996990203857422
953,0.50126051902771,9.996990203857422
954,0.501224935054779,9.996990203857422
955,0.5011982917785645,9.996932983398438
956,0.5010729432106018,9.996932983398438
957,0.5008448958396912,9.996932983398438
958,0.5006635189056396,9.996932983398438
959,0.5007005929946899,9.996932983398438
960,0.500685453414917,9.996621131896973
961,0.5014259219169617,9.996621131896973
962,0.5012444853782654,9.996621131896973
963,0.5011175274848938,9.996621131896973
964,0.5011264085769653,9.996621131896973
965,0.5010056495666504,9.995911598205566
966,0.50111985206604,9.995911598205566
967,0.5011048316955566,9.995911598205566
968,0.5011444091796875,9.995911598205566
969,0.5010966658592224,9.995911598205566
970,0.5011162161827087,9.995424270629883
971,0.5012087821960449,9.995424270629883
972,0.5011318325996399,9.995424270629883
973,0.501144528388977,9.995424270629883
974,0.501245379447937,9.995424270629883
975,0.5012403726577759,9.996685028076172
976,0.5013015866279602,9.996685028076172
977,0.5012414455413818,9.996685028076172
978,0.5012351274490356,9.996685028076172
979,0.5012010931968689,9.996685028076172
980,0.5012823939323425,9.998050689697266
981,0.5014516711235046,9.998050689697266
982,0.5013184547424316,9.998050689697266
983,0.5011707544326782,9.998050689697266
984,0.5012626647949219,9.998050689697266
985,0.5011572241783142,9.99838638305664
986,0.5013868808746338,9.99838638305664
987,0.5011957883834839,9.99838638305664
988,0.5011618137359619,9.99838638305664
989,0.5011981725692749,9.99838638305664
990,0.501160740852356,9.998944282531738
991,0.5014270544052124,9.998944282531738
992,0.5013375878334045,9.998944282531738
993,0.5013142824172974,9.998944282531738
994,0.5013214945793152,9.998944282531738
995,0.5013431906700134,9.998757362365723
996,0.5017538070678711,9.998757362365723
997,0.5014774203300476,9.998757362365723
998,0.5015184283256531,9.998757362365723
999,0.501659095287323,9.998757362365723
1000,0.5015143156051636,9.99846076965332
1001,0.5022635459899902,9.99846076965332
1002,0.5020492076873779,9.99846076965332
1003,0.5021510124206543,9.99846076965332
1004,0.5022521018981934,9.99846076965332
1005,0.5020761489868164,9.998233795166016
1006,0.502090334892273,9.998233795166016
1007,0.501829206943512,9.998233795166016
1008,0.5018233060836792,9.998233795166016
1009,0.5016469359397888,9.998233795166016
1010,0.5016757249832153,9.99785041809082
1011,0.5033212900161743,9.99785041809082
1012,0.5031597018241882,9.99785041809082
1013,0.5025070309638977,9.99785041809082
1014,0.5025050640106201,9.99785041809082
1015,0.5025699138641357,9.995573997497559
1016,0.5024895668029785,9.995573997497559
1017,0.5018457174301147,9.995573997497559
1018,0.5020225644111633,9.995573997497559
1019,0.5017898082733154,9.995573997497559
1020,0.5022291541099548,9.993522644042969
1021,0.5025135278701782,9.993522644042969
1022,0.5024261474609375,9.993522644042969
1023,0.5024673342704773,9.993522644042969
1024,0.5023589134216309,9.993522644042969
1025,0.5018876791000366,9.994107246398926
1026,0.502799391746521,9.994107246398926
1027,0.5018805265426636,9.994107246398926
1028,0.5017008781433105,9.994107246398926
1029,0.5016721487045288,9.994107246398926
1030,0.5016334652900696,9.995565414428711
1031,0.5019558072090149,9.995565414428711
1032,0.501941442489624,9.995565414428711
1033,0.5015330910682678,9.995565414428711
1034,0.501981258392334,9.995565414428711
1035,0.5029762983322144,9.992467880249023
1036,0.5043001174926758,9.992467880249023
1037,0.5039572715759277,9.992467880249023
1038,0.5038293600082397,9.992467880249023
1039,0.5035152435302734,9.992467880249023
1040,0.5034990310668945,9.994734764099121
1041,0.5034405589103699,9.994734764099121
1042,0.5035424828529358,9.994734764099121
1043,0.5041050314903259,9.994734764099121
1044,0.5045658349990845,9.994734764099121
1045,0.5034850835800171,9.994852066040039
1046,0.5025250911712646,9.994852066040039
1047,0.5026066899299622,9.994852066040039
1048,0.5024484992027283,9.994852066040039
1049,0.5024352073669434,9.994852066040039
1050,0.5024755001068115,9.994585037231445
1051,0.5023907423019409,9.994585037231445
1052,0.5029054880142212,9.994585037231445
1053,0.5024012327194214,9.994585037231445
1054,0.5024434924125671,9.994585037231445
1055,0.5028983354568481,9.992345809936523
1056,0.5033007860183716,9.992345809936523
1057,0.5030739903450012,9.992345809936523
1058,0.5030837059020996,9.992345809936523
1059,0.5033202171325684,9.992345809936523
1060,0.5033684968948364,9.992115020751953
1061,0.5034602880477905,9.992115020751953
1062,0.5031997561454773,9.992115020751953
1063,0.5034237504005432,9.992115020751953
1064,0.5032798647880554,9.992115020751953
1065,0.5031194686889648,9.988842010498047
1066,0.5033328533172607,9.988842010498047
1067,0.5032832622528076,9.988842010498047
1068,0.5032718181610107,9.988842010498047
1069,0.5037455558776855,9.988842010498047
1070,0.5033693909645081,9.986026763916016
1071,0.5032103657722473,9.986026763916016
1072,0.5021795034408569,9.986026763916016
1073,0.5034733414649963,9.986026763916016
1074,0.5024108290672302,9.986026763916016
1075,0.5022383332252502,9.988334655761719
1076,0.5008721351623535,9.988334655761719
1077,0.5000271201133728,9.988334655761719
1078,0.50022953748703,9.988334655761719
1079,0.4999534487724304,9.988334655761719
1080,0.4999963939189911,9.99237060546875
1081,0.5016422271728516,9.99237060546875
1082,0.5016031265258789,9.99237060546875
1083,0.5012476444244385,9.99237060546875
1084,0.5016537308692932,9.99237060546875
1085,0.5015100240707397,9.99236011505127
1086,0.5029600858688354,9.99236011505127
1087,0.5028464794158936,9.99236011505127
1088,0.5029214024543762,9.99236011505127
1089,0.5028672814369202,9.99236011505127
1090,0.5027698278427124,9.993432998657227
1091,0.5031630396842957,9.993432998657227
1092,0.502920925617218,9.993432998657227
1093,0.5032928586006165,9.993432998657227
1094,0.5030755996704102,9.993432998657227
1095,0.503152072429657,9.993927001953125
1096,0.5028953552246094,9.993927001953125
1097,0.5029312968254089,9.993927001953125
1098,0.5029693841934204,9.993927001953125
1099,0.5029008984565735,9.993927001953125
1100,0.5032992959022522,9.992815971374512
1101,0.5031830072402954,9.992815971374512
1102,0.5031793713569641,9.992815971374512
1103,0.5032016634941101,9.992815971374512
1104,0.5031601190567017,9.992815971374512
1105,0.5030523538589478,9.99071216583252
1106,0.5027233362197876,9.99071216583252
1107,0.5023492574691772,9.99071216583252
1108,0.5023623704910278,9.99071216583252
1109,0.502358615398407,9.99071216583252
1110,0.5023553371429443,9.991107940673828
1111,0.5024814009666443,9.991107940673828
1112,0.5024564266204834,9.991107940673828
1113,0.5024842023849487,9.991107940673828
1114,0.5024367570877075,9.991107940673828
1115,0.5024608373641968,9.991915702819824
1116,0.502138614654541,9.991915702819824
1117,0.5016574859619141,9.991915702819824
1118,0.5016509294509888,9.991915702819824
1119,0.5016388893127441,9.991915702819824
1120,0.5016266107559204,9.992813110351562
1121,0.5021299719810486,9.992813110351562
1122,0.5024955868721008,9.992813110351562
1123,0.50222247838974,9.992813110351562
1124,0.5022051334381104,9.992813110351562
1125,0.502236008644104,9.991837501525879
1126,0.5029966235160828,9.991837501525879
1127,0.5032545328140259,9.991837501525879
1128,0.5036309957504272,9.991837501525879
1129,0.5035991668701172,9.991837501525879
1130,0.5035446286201477,9.991476058959961
1131,0.5029629468917847,9.991476058959961
1132,0.5025510787963867,9.991476058959961
1133,0.5030112266540527,9.991476058959961
1134,0.5032581090927124,9.991476058959961
1135,0.5025482177734375,9.993558883666992
1136,0.5019679069519043,9.993558883666992
1137,0.50175940990448,9.993558883666992
1138,0.5017421841621399,9.993558883666992
1139,0.5017482042312622,9.993558883666992
1140,0.5018013715744019,9.993916511535645
1141,0.5015354156494141,9.993916511535645
1142,0.5015921592712402,9.993916511535645
1143,0.5006445646286011,9.993916511535645
1144,0.5004211664199829,9.993916511535645
1145,0.5003708004951477,9.9959716796875
1146,0.501164972782135,9.9959716796875
1147,0.501194417476654,9.9959716796875
1148,0.5011840462684631,9.9959716796875
1149,0.5011640787124634,9.9959716796875
1150,0.5011852979660034,9.997224807739258
1151,0.5023940205574036,9.997224807739258
1152,0.5024091601371765,9.997224807739258
1153,0.5024638772010803,9.997224807739258
1154,0.5022802352905273,9.997224807739258
1155,0.5031793117523193,9.996522903442383
1156,0.5030300617218018,9.996522903442383
1157,0.5019863247871399,9.996522903442383
1158,0.5020914673805237,9.996522903442383
1159,0.5023801326751709,9.996522903442383
1160,0.5020267963409424,9.996562004089355
1161,0.5014894008636475,9.996562004089355
1162,0.5007444620132446,9.996562004089355
1163,0.501311719417572,9.996562004089355
1164,0.5006569623947144,9.996562004089355
1165,0.5007050037384033,9.994020462036133
1166,0.5010844469070435,9.994020462036133
1167,0.5019639134407043,9.994020462036133
1168,0.5010585784912109,9.994020462036133
1169,0.5010727047920227,9.994020462036133
1170,0.501414954662323,9.994231224060059
1171,0.5016874074935913,9.994231224060059
1172,0.501798152923584,9.994231224060059
1173,0.5016598105430603,9.994231224060059
1174,0.501681923866272,9.994231224060059
1175,0.5017054080963135,9.995463371276855
1176,0.5021615028381348,9.995463371276855
1177,0.5020949840545654,9.995463371276855
1178,0.5023683905601501,9.995463371276855
1179,0.5020437836647034,9.995463371276855
1180,0.5022004246711731,9.996323585510254
1181,0.5026560425758362,9.996323585510254
1182,0.5027403831481934,9.996323585510254
1183,0.5026803612709045,9.996323585510254
1184,0.5026735067367554,9.996323585510254
1185,0.5026194453239441,9.99660587310791
1186,0.5030802488327026,9.99660587310791
1187,0.5029472708702087,9.99660587310791
1188,0.503461480140686,9.99660587310791
1189,0.5031160712242126,9.99660587310791
1190,0.5030785202980042,9.995169639587402
1191,0.5031381845474243,9.995169639587402
1192,0.5031360983848572,9.995169639587402
1193,0.503084659576416,9.995169639587402
1194,0.5030310153961182,9.995169639587402
1195,0.5031253099441528,9.996109962463379
1196,0.5030826926231384,9.996109962463379
1197,0.5030250549316406,9.996109962463379
1198,0.5030194520950317,9.996109962463379
1199,0.5028543472290039,9.996109962463379
1200,0.5029646754264832,9.996245384216309
1201,0.5029626488685608,9.996245384216309
1202,0.5030266046524048,9.996245384216309
1203,0.5029885768890381,9.996245384216309
1204,0.503082811832428,9.996245384216309
1205,0.5031450986862183,9.99636173248291
1206,0.5031543970108032,9.99636173248291
1207,0.5031452178955078,9.99636173248291
1208,0.5031404495239258,9.99636173248291
1209,0.5031237602233887,9.99636173248291
1210,0.5030912160873413,9.997370719909668
1211,0.5031583309173584,9.997370719909668
1212,0.5031673908233643,9.997370719909668
1213,0.5031280517578125,9.997370719909668
1214,0.5030468702316284,9.997370719909668
1215,0.5030750036239624,9.997086524963379
1216,0.5032526254653931,9.997086524963379
1217,0.5031881332397461,9.997086524963379
1218,0.5031824707984924,9.997086524963379
1219,0.5032627582550049,9.997086524963379
1220,0.5032657384872437,9.997541427612305
1221,0.5032041072845459,9.997541427612305
1222,0.5032268762588501,9.997541427612305
1223,0.5032228231430054,9.997541427612305
1224,0.503195583820343,9.997541427612305
1225,0.503216028213501,9.998217582702637
1226,0.5031702518463135,9.998217582702637
1227,0.5031712055206299,9.998217582702637
1228,0.5031425356864929,9.998217582702637
1229,0.5032033920288086,9.998217582702637
1230,0.5031529664993286,9.997880935668945
1231,0.5030601024627686,9.997880935668945
1232,0.5030367374420166,9.997880935668945
1233,0.5030381679534912,9.997880935668945
1234,0.5029540061950684,9.997880935668945
1235,0.5028170943260193,9.99753475189209
1236,0.5023982524871826,9.99753475189209
1237,0.502072811126709,9.99753475189209
1238,0.5020723342895508,9.99753475189209
1239,0.5020159482955933,9.99753475189209
1240,0.5020092725753784,9.995255470275879
1241,0.5018471479415894,9.995255470275879
1242,0.5018448829650879,9.995255470275879
1243,0.5017642974853516,9.995255470275879
1244,0.501835823059082,9.995255470275879
1245,0.5018424391746521,9.995079040527344
1246,0.5023099184036255,9.995079040527344
1247,0.5022351145744324,9.995079040527344
1248,0.5024051666259766,9.995079040527344
1249,0.5023871064186096,9.995079040527344
1250,0.5023398995399475,9.996530532836914
1251,0.5030175447463989,9.996530532836914
1252,0.5030602812767029,9.996530532836914
1253,0.5030480623245239,9.996530532836914
1254,0.5030571818351746,9.996530532836914
1255,0.5030321478843689,9.996458053588867
1256,0.503027081489563,9.996458053588867
1257,0.5030056834220886,9.996458053588867
1258,0.502877950668335,9.996458053588867
1259,0.5029619932174683,9.996458053588867
1260,0.502963662147522,9.99637508392334
1261,0.503020167350769,9.99637508392334
1262,0.5029662251472473,9.99637508392334
1263,0.5029142498970032,9.99637508392334
1264,0.5029163360595703,9.99637508392334
1265,0.502877950668335,9.996745109558105
1266,0.5025413632392883,9.996745109558105
1267,0.5023056268692017,9.996745109558105
1268,0.5022716522216797,9.996745109558105
1269,0.502394437789917,9.996745109558105
1270,0.5023947954177856,9.995698928833008
1271,0.5026164054870605,9.995698928833008
1272,0.5025482177734375,9.995698928833008
1273,0.502609133720398,9.995698928833008
1274,0.5025310516357422,9.995698928833008
1275,0.5026141405105591,9.995102882385254
1276,0.5031640529632568,9.995102882385254
1277,0.5031113624572754,9.995102882385254
1278,0.5031521916389465,9.995102882385254
1279,0.5030653476715088,9.995102882385254
1280,0.5031093955039978,9.996439933776855
1281,0.5032529830932617,9.996439933776855
1282,0.5031555891036987,9.996439933776855
1283,0.5033230781555176,9.996439933776855
1284,0.5032598972320557,9.996439933776855
1285,0.5032343864440918,9.997013092041016
1286,0.5031952857971191,9.997013092041016
1287,0.5031736493110657,9.997013092041016
1288,0.503183126449585,9.997013092041016
1289,0.5031875967979431,9.997013092041016
1290,0.5032329559326172,9.9976806640625
1291,0.503093957901001,9.9976806640625
1292,0.5030925273895264,9.9976806640625
1293,0.5030351281166077,9.9976806640625
1294,0.502928614616394,9.9976806640625
1295,0.5029923319816589,9.997156143188477
1296,0.5031157732009888,9.997156143188477
1297,0.5030244588851929,9.997156143188477
1298,0.5029013156890869,9.997156143188477
1299,0.5028666257858276,9.997156143188477
1300,0.5030151605606079,9.997344017028809
1301,0.5032994151115417,9.997344017028809
1302,0.5032569169998169,9.997344017028809
1303,0.5032237768173218,9.997344017028809
1304,0.5032011270523071,9.997344017028809
1305,0.5031956434249878,9.997550010681152
1306,0.5031192302703857,9.997550010681152
1307,0.5031279921531677,9.997550010681152
1308,0.5030909776687622,9.997550010681152
1309,0.5030131936073303,9.997550010681152
1310,0.5030060410499573,9.996910095214844
1311,0.5029789209365845,9.996910095214844
1312,0.5022642016410828,9.996910095214844
1313,0.502260148525238,9.996910095214844
1314,0.502285361289978,9.996910095214844
1315,0.5023030042648315,9.996986389160156
1316,0.5025109648704529,9.996986389160156
1317,0.5024718046188354,9.996986389160156
1318,0.502434492111206,9.996986389160156
1319,0.502454400062561,9.996986389160156
1320,0.5024447441101074,9.997176170349121
1321,0.5027655363082886,9.997176170349121
1322,0.5026972889900208,9.997176170349121
1323,0.5026695728302002,9.997176170349121
1324,0.5025608539581299,9.997176170349121
1325,0.502616286277771,9.996964454650879
1326,0.5029485821723938,9.996964454650879
1327,0.5028406381607056,9.996964454650879
1328,0.5028098821640015,9.996964454650879
1329,0.5028605461120605,9.996964454650879
1330,0.502985417842865,9.997702598571777
1331,0.5032747387886047,9.997702598571777
1332,0.5032143592834473,9.997702598571777
1333,0.5033688545227051,9.997702598571777
1334,0.5033296942710876,9.997702598571777
1335,0.5033313632011414,9.997930526733398
1336,0.503250241279602,9.997930526733398
1337,0.5032599568367004,9.997930526733398
1338,0.5030847787857056,9.997930526733398
1339,0.503048300743103,9.997930526733398
1340,0.5030882358551025,9.997899055480957
1341,0.5031701922416687,9.997899055480957
1342,0.5030707120895386,9.997899055480957
1343,0.5031465888023376,9.997899055480957
1344,0.5031143426895142,9.997899055480957
1345,0.5030333995819092,9.998136520385742
1346,0.5027167201042175,9.998136520385742
1347,0.5025123953819275,9.998136520385742
1348,0.5024049282073975,9.998136520385742
1349,0.5023422241210938,9.998136520385742
1350,0.5023941993713379,9.996578216552734
1351,0.5020878314971924,9.996578216552734
1352,0.50130295753479,9.996578216552734
1353,0.501323401927948,9.996578216552734
1354,0.5012266039848328,9.996578216552734
1355,0.501259446144104,9.99693489074707
1356,0.5009486675262451,9.99693489074707
1357,0.5009444952011108,9.99693489074707
1358,0.5018259286880493,9.99693489074707
1359,0.501102089881897,9.99693489074707
1360,0.5010402202606201,9.988480567932129
1361,0.5020850896835327,9.988480567932129
1362,0.5021051168441772,9.988480567932129
1363,0.5020405650138855,9.988480567932129
1364,0.5020341873168945,9.988480567932129
1365,0.5030161142349243,9.99277400970459
1366,0.5034059286117554,9.99277400970459
1367,0.5033636093139648,9.99277400970459
1368,0.503337025642395,9.99277400970459
1369,0.5024728178977966,9.99277400970459
1370,0.5024756193161011,9.995560646057129
1371,0.5026699304580688,9.995560646057129
1372,0.5027700066566467,9.995560646057129
1373,0.5027697086334229,9.995560646057129
1374,0.5027607083320618,9.995560646057129
1375,0.5027568936347961,9.996733665466309
1376,0.502977728843689,9.996733665466309
1377,0.5028582811355591,9.996733665466309
1378,0.5026298761367798,9.996733665466309
1379,0.5025699734687805,9.996733665466309
1380,0.5025926828384399,9.996501922607422
1381,0.5023876428604126,9.996501922607422
1382,0.5020287036895752,9.996501922607422
1383,0.5018512010574341,9.996501922607422
1384,0.5018936991691589,9.996501922607422
1385,0.5019564628601074,9.99498176574707
1386,0.5024985074996948,9.99498176574707
1387,0.502511739730835,9.99498176574707
1388,0.5025161504745483,9.99498176574707
1389,0.5024780035018921,9.99498176574707
1390,0.5023751854896545,9.995491981506348
1391,0.5018342137336731,9.995491981506348
1392,0.501554012298584,9.995491981506348
1393,0.5015907287597656,9.995491981506348
1394,0.5015857219696045,9.995491981506348
1395,0.5016043186187744,9.995213508605957
1396,0.501710057258606,9.995213508605957
1397,0.5016537308692932,9.995213508605957
1398,0.5021125674247742,9.995213508605957
1399,0.5017024278640747,9.995213508605957
1400,0.5017445087432861,9.995155334472656
1401,0.5026494264602661,9.995155334472656
1402,0.5026382803916931,9.995155334472656
1403,0.5026187896728516,9.995155334472656
1404,0.502615749835968,9.995155334472656
1405,0.5024570226669312,9.995509147644043
1406,0.5019592046737671,9.995509147644043
1407,0.5018117427825928,9.995509147644043
1408,0.5017837285995483,9.995509147644043
1409,0.501661479473114,9.995509147644043
1410,0.5016441941261292,9.995234489440918
1411,0.5019959211349487,9.995234489440918
1412,0.5019216537475586,9.995234489440918
1413,0.5018903017044067,9.995234489440918
1414,0.5019918084144592,9.995234489440918
1415,0.5019527673721313,9.996000289916992
1416,0.502009391784668,9.996000289916992
1417,0.5019981265068054,9.996000289916992
1418,0.5020073652267456,9.996000289916992
1419,0.5020127296447754,9.996000289916992
1420,0.5019450783729553,9.995759963989258
1421,0.5016463994979858,9.995759963989258
1422,0.5013434886932373,9.995759963989258
1423,0.5013822913169861,9.995759963989258
1424,0.5013797283172607,9.995759963989258
1425,0.5013691782951355,9.995940208435059
1426,0.5018844604492188,9.995940208435059
1427,0.5018965005874634,9.995940208435059
1428,0.5018771886825562,9.995940208435059
1429,0.5018856525421143,9.995940208435059
1430,0.5018908977508545,9.996550559997559
1431,0.5024186372756958,9.996550559997559
1432,0.5024018883705139,9.996550559997559
1433,0.5024202466011047,9.996550559997559
1434,0.5024044513702393,9.996550559997559
1435,0.5024105310440063,9.996634483337402
1436,0.502646267414093,9.996634483337402
1437,0.5024645924568176,9.996634483337402
1438,0.5022890567779541,9.996634483337402
1439,0.502489447593689,9.996634483337402
1440,0.5026423931121826,9.996292114257812
1441,0.5030702352523804,9.996292114257812
1442,0.5028250217437744,9.996292114257812
1443,0.5027836561203003,9.996292114257812
1444,0.5027527809143066,9.996292114257812
1445,0.50288987159729,9.995784759521484
1446,0.5033442974090576,9.995784759521484
1447,0.5033502578735352,9.995784759521484
1448,0.5033562183380127,9.995784759521484
1449,0.5033318996429443,9.995784759521484
1450,0.5033349990844727,9.997014999389648
1451,0.503296971321106,9.997014999389648
1452,0.5032966732978821,9.997014999389648
1453,0.5033082962036133,9.997014999389648
1454,0.5033072233200073,9.997014999389648
1455,0.5033218860626221,9.99782657623291
1456,0.50322026014328,9.99782657623291
1457,0.503178596496582,9.99782657623291
1458,0.5031428337097168,9.99782657623291
1459,0.5029369592666626,9.99782657623291
1460,0.5030482411384583,9.99799919128418
1461,0.5032580494880676,9.99799919128418
1462,0.5031477212905884,9.99799919128418
1463,0.5030103921890259,9.99799919128418
1464,0.5030940771102905,9.99799919128418
1465,0.5031445622444153,9.998597145080566
1466,0.5032572746276855,9.998597145080566
1467,0.5032656192779541,9.998597145080566
1468,0.5033295750617981,9.998597145080566
1469,0.5032349228858948,9.998597145080566
1470,0.5033254623413086,9.997950553894043
1471,0.503357470035553,9.997950553894043
1472,0.5033316016197205,9.997950553894043
1473,0.5033481121063232,9.997950553894043
1474,0.5032499432563782,9.997950553894043
1475,0.5030801296234131,9.99881362915039
1476,0.5030169486999512,9.99881362915039
1477,0.5027711391448975,9.99881362915039
1478,0.502785861492157,9.99881362915039
1479,0.5027511119842529,9.99881362915039
1480,0.5027570724487305,9.998504638671875
1481,0.5027710199356079,9.998504638671875
1482,0.502808690071106,9.998504638671875
1483,0.5027791261672974,9.998504638671875
1484,0.5027638673782349,9.998504638671875
1485,0.5027757287025452,9.998507499694824
1486,0.5028446912765503,9.998507499694824
1487,0.5026900768280029,9.998507499694824
1488,0.5025891661643982,9.998507499694824
1489,0.5026981234550476,9.998507499694824
1490,0.5026966333389282,9.99767017364502
1491,0.5029553174972534,9.99767017364502
1492,0.5029206275939941,9.99767017364502
1493,0.502979040145874,9.99767017364502
1494,0.5028471946716309,9.99767017364502
1495,0.5028122067451477,9.998074531555176
1496,0.5033189058303833,9.998074531555176
1497,0.5033047795295715,9.998074531555176
1498,0.5033906102180481,9.998074531555176
1499,0.5033882856369019,9.998074531555176
1500,0.5034258961677551,9.998201370239258
1501,0.503487229347229,9.998201370239258
1502,0.5033787488937378,9.998201370239258
1503,0.5034414529800415,9.998201370239258
1504,0.5034012794494629,9.998201370239258
1505,0.5033607482910156,9.997241020202637
1506,0.5030369758605957,9.997241020202637
1507,0.5030257701873779,9.997241020202637
1508,0.5030168294906616,9.997241020202637
1509,0.5030117034912109,9.997241020202637
1510,0.5029904842376709,9.997329711914062
1511,0.5031124353408813,9.997329711914062
1512,0.5030435919761658,9.997329711914062
1513,0.5030580759048462,9.997329711914062
1514,0.5030933618545532,9.997329711914062
1515,0.5030544996261597,9.997491836547852
1516,0.5032150149345398,9.997491836547852
1517,0.5032175779342651,9.997491836547852
1518,0.503159761428833,9.997491836547852
1519,0.5031499862670898,9.997491836547852
1520,0.5031511783599854,9.997556686401367
1521,0.5032904744148254,9.997556686401367
1522,0.5033072233200073,9.997556686401367
1523,0.5032763481140137,9.997556686401367
1524,0.503291130065918,9.997556686401367
1525,0.5032933950424194,9.997881889343262
1526,0.5032416582107544,9.997881889343262
1527,0.5032237768173218,9.997881889343262
1528,0.5032150745391846,9.997881889343262
1529,0.503211259841919,9.997881889343262
1530,0.5029656291007996,9.99781322479248
1531,0.5028983354568481,9.99781322479248
1532,0.5019373297691345,9.99781322479248
1533,0.5021086931228638,9.99781322479248
1534,0.5021586418151855,9.99781322479248
1535,0.502163290977478,9.99765396118164
1536,0.5022428035736084,9.99765396118164
1537,0.5021933317184448,9.99765396118164
1538,0.5021045207977295,9.99765396118164
1539,0.5021662712097168,9.99765396118164
1540,0.5020294785499573,9.995471954345703
1541,0.5024744272232056,9.995471954345703
1542,0.5024465322494507,9.995471954345703
1543,0.5023554563522339,9.995471954345703
1544,0.5025126338005066,9.995471954345703
1545,0.5024536848068237,9.996668815612793
1546,0.5026312470436096,9.996668815612793
1547,0.5026400685310364,9.996668815612793
1548,0.5026129484176636,9.996668815612793
1549,0.5025924444198608,9.996668815612793
1550,0.5026260614395142,9.998056411743164
1551,0.5028104782104492,9.998056411743164
1552,0.5027056932449341,9.998056411743164
1553,0.5025051832199097,9.998056411743164
1554,0.5027023553848267,9.998056411743164
1555,0.5024698972702026,9.998130798339844
1556,0.5032540559768677,9.998130798339844
1557,0.5031112432479858,9.998130798339844
1558,0.5037223100662231,9.998130798339844
1559,0.5033266544342041,9.998130798339844
1560,0.5033237934112549,9.99787712097168
1561,0.5033731460571289,9.99787712097168
1562,0.5033625364303589,9.99787712097168
1563,0.503330409526825,9.99787712097168
1564,0.5033550262451172,9.99787712097168
1565,0.5033622980117798,9.997720718383789
1566,0.5031946301460266,9.997720718383789
1567,0.5028650760650635,9.997720718383789
1568,0.5029817819595337,9.997720718383789
1569,0.5027671456336975,9.997720718383789
1570,0.5028811693191528,9.997245788574219
1571,0.5032187700271606,9.997245788574219
1572,0.5037210583686829,9.997245788574219
1573,0.5033289194107056,9.997245788574219
1574,0.5023413896560669,9.997245788574219
1575,0.5024098753929138,9.997719764709473
1576,0.5028038024902344,9.997719764709473
1577,0.501928448677063,9.997719764709473
1578,0.5020314455032349,9.997719764709473
1579,0.5016416311264038,9.997719764709473
1580,0.5016328692436218,9.997989654541016
1581,0.5011887550354004,9.997989654541016
1582,0.5008121728897095,9.997989654541016
1583,0.5007624626159668,9.997989654541016
1584,0.5006815195083618,9.997989654541016
1585,0.5006542205810547,9.992718696594238
1586,0.5011392831802368,9.992718696594238
1587,0.5011109113693237,9.992718696594238
1588,0.5010569095611572,9.992718696594238
1589,0.5018177032470703,9.992718696594238
1590,0.5011272430419922,9.994260787963867
1591,0.5016568899154663,9.994260787963867
1592,0.5016441941261292,9.994260787963867
1593,0.5016696453094482,9.994260787963867
1594,0.5016226768493652,9.994260787963867
1595,0.5016290545463562,9.994441986083984
1596,0.5026184320449829,9.994441986083984
1597,0.5026082992553711,9.994441986083984
1598,0.5025951862335205,9.994441986083984
1599,0.502610445022583,9.994441986083984
1600,0.5026094913482666,9.993673324584961
1601,0.5031595230102539,9.993673324584961
1602,0.5031405687332153,9.993673324584961
1603,0.5030180215835571,9.993673324584961
1604,0.502971887588501,9.993673324584961
1605,0.503036618232727,9.994449615478516
1606,0.5031465888023376,9.994449615478516
1607,0.503154456615448,9.994449615478516
1608,0.5031226873397827,9.994449615478516
1609,0.503090500831604,9.994449615478516
1610,0.5028729438781738,9.994654655456543
1611,0.502312183380127,9.994654655456543
1612,0.5019531846046448,9.994654655456543
1613,0.501993715763092,9.994654655456543
1614,0.5019772052764893,9.994654655456543
1615,0.5019679069519043,9.99333667755127
1616,0.5016217231750488,9.99333667755127
1617,0.5015956163406372,9.99333667755127
1618,0.5014984607696533,9.99333667755127
1619,0.5015520453453064,9.99333667755127
1620,0.5014296770095825,9.993040084838867
1621,0.5023961663246155,9.993040084838867
1622,0.5022838711738586,9.993040084838867
1623,0.5025067925453186,9.993040084838867
1624,0.5024718642234802,9.993040084838867
1625,0.502550482749939,9.994718551635742
1626,0.503122091293335,9.994718551635742
1627,0.5030316114425659,9.994718551635742
1628,0.5029864311218262,9.994718551635742
1629,0.5027494430541992,9.994718551635742
1630,0.5033242106437683,9.995481491088867
